{
	"textures": {
		"0": "./rgbsheet1",
		"1": "./white"
	},
	"elements": [
		{
			"from": [8.53877, -11.41955, 6.54703],
			"to": [8.75197, -1.93279, 7.82623],
			"rotation": {"angle": 0, "axis": "y", "origin": [10.24437, -9.71395, 9.31863]},
			"faces": {
				"north": {"uv": [7, 15, 8, 16], "texture": "#0"},
				"east": {"uv": [7, 15, 8, 16], "texture": "#0"},
				"south": {"uv": [7, 15, 8, 16], "texture": "#0"},
				"west": {"uv": [7, 15, 8, 16], "texture": "#0"},
				"up": {"uv": [7, 15, 8, 16], "texture": "#0"},
				"down": {"uv": [7, 15, 8, 16], "texture": "#0"}
			}
		},
		{
			"from": [7.89917, -11.41955, 6.54703],
			"to": [8.11237, -1.93279, 7.82623],
			"rotation": {"angle": 0, "axis": "y", "origin": [9.60477, -9.71395, 9.31863]},
			"faces": {
				"north": {"uv": [7, 15, 8, 16], "texture": "#0"},
				"east": {"uv": [7, 15, 8, 16], "texture": "#0"},
				"south": {"uv": [7, 15, 8, 16], "texture": "#0"},
				"west": {"uv": [7, 15, 8, 16], "texture": "#0"},
				"up": {"uv": [7, 15, 8, 16], "texture": "#0"},
				"down": {"uv": [7, 15, 8, 16], "texture": "#0"}
			}
		},
		{
			"from": [8.14292, -12.2922, 6.54703],
			"to": [8.55612, -11.29607, 7.22623],
			"rotation": {"angle": 0, "axis": "y", "origin": [9.94852, -11.1866, 9.31863]},
			"faces": {
				"north": {"uv": [7, 15, 8, 16], "texture": "#0"},
				"east": {"uv": [7, 15, 8, 16], "texture": "#0"},
				"south": {"uv": [7, 15, 8, 16], "texture": "#0"},
				"west": {"uv": [7, 15, 8, 16], "texture": "#0"},
				"up": {"uv": [7, 15, 8, 16], "texture": "#0"},
				"down": {"uv": [7, 15, 8, 16], "texture": "#0"}
			}
		},
		{
			"from": [8.14292, -12.20236, 6.76187],
			"to": [8.55612, -11.20622, 7.44107],
			"rotation": {"angle": 22.5, "axis": "x", "origin": [8.34952, -11.70429, 7.10147]},
			"faces": {
				"north": {"uv": [7, 15, 8, 16], "texture": "#0"},
				"east": {"uv": [7, 15, 8, 16], "texture": "#0"},
				"south": {"uv": [7, 15, 8, 16], "texture": "#0"},
				"west": {"uv": [7, 15, 8, 16], "texture": "#0"},
				"up": {"uv": [7, 15, 8, 16], "texture": "#0"},
				"down": {"uv": [7, 15, 8, 16], "texture": "#0"}
			}
		},
		{
			"from": [8.11237, -11.41955, 6.33383],
			"to": [8.53877, -1.93279, 8.03943],
			"rotation": {"angle": 0, "axis": "y", "origin": [9.81797, -9.71395, 9.53183]},
			"faces": {
				"north": {"uv": [7, 15, 8, 16], "texture": "#0"},
				"east": {"uv": [7, 15, 8, 16], "texture": "#0"},
				"south": {"uv": [7, 15, 8, 16], "texture": "#0"},
				"west": {"uv": [7, 15, 8, 16], "texture": "#0"},
				"up": {"uv": [7, 15, 8, 16], "texture": "#0"},
				"down": {"uv": [7, 15, 8, 16], "texture": "#0"}
			}
		},
		{
			"from": [7.94331, -11.41955, 7.71963],
			"to": [8.15651, -1.93279, 8.0211],
			"rotation": {"angle": 45, "axis": "y", "origin": [8.04991, -11.31295, 7.82623]},
			"faces": {
				"north": {"uv": [7, 15, 8, 16], "texture": "#0"},
				"east": {"uv": [7, 15, 8, 16], "texture": "#0"},
				"south": {"uv": [7, 15, 8, 16], "texture": "#0"},
				"west": {"uv": [7, 15, 8, 16], "texture": "#0"},
				"up": {"uv": [7, 15, 8, 16], "texture": "#0"},
				"down": {"uv": [7, 15, 8, 16], "texture": "#0"}
			}
		},
		{
			"from": [7.94331, -11.41955, 6.35257],
			"to": [8.15651, -1.93279, 6.65404],
			"rotation": {"angle": -45, "axis": "y", "origin": [8.04991, -11.31295, 6.54744]},
			"faces": {
				"north": {"uv": [7, 15, 8, 16], "texture": "#0"},
				"east": {"uv": [7, 15, 8, 16], "texture": "#0"},
				"south": {"uv": [7, 15, 8, 16], "texture": "#0"},
				"west": {"uv": [7, 15, 8, 16], "texture": "#0"},
				"up": {"uv": [7, 15, 8, 16], "texture": "#0"},
				"down": {"uv": [7, 15, 8, 16], "texture": "#0"}
			}
		},
		{
			"from": [8.49671, -11.41955, 7.71963],
			"to": [8.70991, -1.93279, 8.0211],
			"rotation": {"angle": -45, "axis": "y", "origin": [8.60331, -11.31295, 7.82623]},
			"faces": {
				"north": {"uv": [7, 15, 8, 16], "texture": "#0"},
				"east": {"uv": [7, 15, 8, 16], "texture": "#0"},
				"south": {"uv": [7, 15, 8, 16], "texture": "#0"},
				"west": {"uv": [7, 15, 8, 16], "texture": "#0"},
				"up": {"uv": [7, 15, 8, 16], "texture": "#0"},
				"down": {"uv": [7, 15, 8, 16], "texture": "#0"}
			}
		},
		{
			"from": [8.49671, -11.41955, 6.35257],
			"to": [8.70991, -1.93279, 6.65404],
			"rotation": {"angle": 45, "axis": "y", "origin": [8.60331, -11.31295, 6.54744]},
			"faces": {
				"north": {"uv": [7, 15, 8, 16], "texture": "#0"},
				"east": {"uv": [7, 15, 8, 16], "texture": "#0"},
				"south": {"uv": [7, 15, 8, 16], "texture": "#0"},
				"west": {"uv": [7, 15, 8, 16], "texture": "#0"},
				"up": {"uv": [7, 15, 8, 16], "texture": "#0"},
				"down": {"uv": [7, 15, 8, 16], "texture": "#0"}
			}
		},
		{
			"from": [8.55152, -11.54933, 6.50864],
			"to": [8.77752, -11.14396, 7.8646],
			"rotation": {"angle": 0, "axis": "y", "origin": [10.35946, -9.74139, 9.44654]},
			"faces": {
				"north": {"uv": [5, 14, 6, 15], "texture": "#0"},
				"east": {"uv": [5, 14, 6, 15], "texture": "#0"},
				"south": {"uv": [5, 14, 6, 15], "texture": "#0"},
				"west": {"uv": [5, 14, 6, 15], "texture": "#0"},
				"up": {"uv": [5, 14, 6, 15], "texture": "#0"},
				"down": {"uv": [5, 14, 6, 15], "texture": "#0"}
			}
		},
		{
			"from": [7.87355, -11.54933, 6.50864],
			"to": [8.09954, -11.14396, 7.8646],
			"rotation": {"angle": 0, "axis": "y", "origin": [9.68148, -9.74139, 9.44654]},
			"faces": {
				"north": {"uv": [5, 14, 6, 15], "texture": "#0"},
				"east": {"uv": [5, 14, 6, 15], "texture": "#0"},
				"south": {"uv": [5, 14, 6, 15], "texture": "#0"},
				"west": {"uv": [5, 14, 6, 15], "texture": "#0"},
				"up": {"uv": [5, 14, 6, 15], "texture": "#0"},
				"down": {"uv": [5, 14, 6, 15], "texture": "#0"}
			}
		},
		{
			"from": [8.09954, -11.54933, 6.28265],
			"to": [8.55152, -11.14396, 8.09059],
			"rotation": {"angle": 0, "axis": "y", "origin": [9.90748, -9.74139, 9.67253]},
			"faces": {
				"north": {"uv": [5, 14, 6, 15], "texture": "#0"},
				"east": {"uv": [5, 14, 6, 15], "texture": "#0"},
				"south": {"uv": [5, 14, 6, 15], "texture": "#0"},
				"west": {"uv": [5, 14, 6, 15], "texture": "#0"},
				"up": {"uv": [5, 14, 6, 15], "texture": "#0"},
				"down": {"uv": [5, 14, 6, 15], "texture": "#0"}
			}
		},
		{
			"from": [7.92033, -11.54933, 7.7516],
			"to": [8.14633, -11.14396, 8.07117],
			"rotation": {"angle": 45, "axis": "y", "origin": [8.03333, -11.43633, 7.8646]},
			"faces": {
				"north": {"uv": [5, 14, 6, 15], "texture": "#0"},
				"east": {"uv": [5, 14, 6, 15], "texture": "#0"},
				"south": {"uv": [5, 14, 6, 15], "texture": "#0"},
				"west": {"uv": [5, 14, 6, 15], "texture": "#0"},
				"up": {"uv": [5, 14, 6, 15], "texture": "#0"},
				"down": {"uv": [5, 14, 6, 15], "texture": "#0"}
			}
		},
		{
			"from": [7.92033, -11.54933, 6.30251],
			"to": [8.14633, -11.14396, 6.62208],
			"rotation": {"angle": -45, "axis": "y", "origin": [8.03333, -11.43633, 6.50909]},
			"faces": {
				"north": {"uv": [5, 14, 6, 15], "texture": "#0"},
				"east": {"uv": [5, 14, 6, 15], "texture": "#0"},
				"south": {"uv": [5, 14, 6, 15], "texture": "#0"},
				"west": {"uv": [5, 14, 6, 15], "texture": "#0"},
				"up": {"uv": [5, 14, 6, 15], "texture": "#0"},
				"down": {"uv": [5, 14, 6, 15], "texture": "#0"}
			}
		},
		{
			"from": [8.50694, -11.54933, 7.7516],
			"to": [8.73293, -11.14396, 8.07117],
			"rotation": {"angle": -45, "axis": "y", "origin": [8.61994, -11.43633, 7.8646]},
			"faces": {
				"north": {"uv": [5, 14, 6, 15], "texture": "#0"},
				"east": {"uv": [5, 14, 6, 15], "texture": "#0"},
				"south": {"uv": [5, 14, 6, 15], "texture": "#0"},
				"west": {"uv": [5, 14, 6, 15], "texture": "#0"},
				"up": {"uv": [5, 14, 6, 15], "texture": "#0"},
				"down": {"uv": [5, 14, 6, 15], "texture": "#0"}
			}
		},
		{
			"from": [8.50694, -11.54933, 6.30251],
			"to": [8.73293, -11.14396, 6.62208],
			"rotation": {"angle": 45, "axis": "y", "origin": [8.61994, -11.43633, 6.50909]},
			"faces": {
				"north": {"uv": [5, 14, 6, 15], "texture": "#0"},
				"east": {"uv": [5, 14, 6, 15], "texture": "#0"},
				"south": {"uv": [5, 14, 6, 15], "texture": "#0"},
				"west": {"uv": [5, 14, 6, 15], "texture": "#0"},
				"up": {"uv": [5, 14, 6, 15], "texture": "#0"},
				"down": {"uv": [5, 14, 6, 15], "texture": "#0"}
			}
		},
		{
			"from": [8.55152, -10.84784, 6.50864],
			"to": [8.77752, -10.44247, 7.8646],
			"rotation": {"angle": 0, "axis": "y", "origin": [10.35946, -9.03991, 9.44654]},
			"faces": {
				"north": {"uv": [5, 14, 6, 15], "texture": "#0"},
				"east": {"uv": [5, 14, 6, 15], "texture": "#0"},
				"south": {"uv": [5, 14, 6, 15], "texture": "#0"},
				"west": {"uv": [5, 14, 6, 15], "texture": "#0"},
				"up": {"uv": [5, 14, 6, 15], "texture": "#0"},
				"down": {"uv": [5, 14, 6, 15], "texture": "#0"}
			}
		},
		{
			"from": [7.87355, -10.84784, 6.50864],
			"to": [8.09954, -10.44247, 7.8646],
			"rotation": {"angle": 0, "axis": "y", "origin": [9.68148, -9.03991, 9.44654]},
			"faces": {
				"north": {"uv": [5, 14, 6, 15], "texture": "#0"},
				"east": {"uv": [5, 14, 6, 15], "texture": "#0"},
				"south": {"uv": [5, 14, 6, 15], "texture": "#0"},
				"west": {"uv": [5, 14, 6, 15], "texture": "#0"},
				"up": {"uv": [5, 14, 6, 15], "texture": "#0"},
				"down": {"uv": [5, 14, 6, 15], "texture": "#0"}
			}
		},
		{
			"from": [8.09954, -10.84784, 6.28265],
			"to": [8.55152, -10.44247, 8.09059],
			"rotation": {"angle": 0, "axis": "y", "origin": [9.90748, -9.03991, 9.67253]},
			"faces": {
				"north": {"uv": [5, 14, 6, 15], "texture": "#0"},
				"east": {"uv": [5, 14, 6, 15], "texture": "#0"},
				"south": {"uv": [5, 14, 6, 15], "texture": "#0"},
				"west": {"uv": [5, 14, 6, 15], "texture": "#0"},
				"up": {"uv": [5, 14, 6, 15], "texture": "#0"},
				"down": {"uv": [5, 14, 6, 15], "texture": "#0"}
			}
		},
		{
			"from": [7.92033, -10.84784, 7.7516],
			"to": [8.14633, -10.44247, 8.07117],
			"rotation": {"angle": 45, "axis": "y", "origin": [8.03333, -10.73485, 7.8646]},
			"faces": {
				"north": {"uv": [5, 14, 6, 15], "texture": "#0"},
				"east": {"uv": [5, 14, 6, 15], "texture": "#0"},
				"south": {"uv": [5, 14, 6, 15], "texture": "#0"},
				"west": {"uv": [5, 14, 6, 15], "texture": "#0"},
				"up": {"uv": [5, 14, 6, 15], "texture": "#0"},
				"down": {"uv": [5, 14, 6, 15], "texture": "#0"}
			}
		},
		{
			"from": [7.92033, -10.84784, 6.30251],
			"to": [8.14633, -10.44247, 6.62208],
			"rotation": {"angle": -45, "axis": "y", "origin": [8.03333, -10.73485, 6.50909]},
			"faces": {
				"north": {"uv": [5, 14, 6, 15], "texture": "#0"},
				"east": {"uv": [5, 14, 6, 15], "texture": "#0"},
				"south": {"uv": [5, 14, 6, 15], "texture": "#0"},
				"west": {"uv": [5, 14, 6, 15], "texture": "#0"},
				"up": {"uv": [5, 14, 6, 15], "texture": "#0"},
				"down": {"uv": [5, 14, 6, 15], "texture": "#0"}
			}
		},
		{
			"from": [8.50694, -10.84784, 7.7516],
			"to": [8.73293, -10.44247, 8.07117],
			"rotation": {"angle": -45, "axis": "y", "origin": [8.61994, -10.73485, 7.8646]},
			"faces": {
				"north": {"uv": [5, 14, 6, 15], "texture": "#0"},
				"east": {"uv": [5, 14, 6, 15], "texture": "#0"},
				"south": {"uv": [5, 14, 6, 15], "texture": "#0"},
				"west": {"uv": [5, 14, 6, 15], "texture": "#0"},
				"up": {"uv": [5, 14, 6, 15], "texture": "#0"},
				"down": {"uv": [5, 14, 6, 15], "texture": "#0"}
			}
		},
		{
			"from": [8.50694, -10.84784, 6.30251],
			"to": [8.73293, -10.44247, 6.62208],
			"rotation": {"angle": 45, "axis": "y", "origin": [8.61994, -10.73485, 6.50909]},
			"faces": {
				"north": {"uv": [5, 14, 6, 15], "texture": "#0"},
				"east": {"uv": [5, 14, 6, 15], "texture": "#0"},
				"south": {"uv": [5, 14, 6, 15], "texture": "#0"},
				"west": {"uv": [5, 14, 6, 15], "texture": "#0"},
				"up": {"uv": [5, 14, 6, 15], "texture": "#0"},
				"down": {"uv": [5, 14, 6, 15], "texture": "#0"}
			}
		},
		{
			"from": [8.55152, -10.14636, 6.50864],
			"to": [8.77752, -9.74099, 7.8646],
			"rotation": {"angle": 0, "axis": "y", "origin": [10.35946, -8.33842, 9.44654]},
			"faces": {
				"north": {"uv": [5, 14, 6, 15], "texture": "#0"},
				"east": {"uv": [5, 14, 6, 15], "texture": "#0"},
				"south": {"uv": [5, 14, 6, 15], "texture": "#0"},
				"west": {"uv": [5, 14, 6, 15], "texture": "#0"},
				"up": {"uv": [5, 14, 6, 15], "texture": "#0"},
				"down": {"uv": [5, 14, 6, 15], "texture": "#0"}
			}
		},
		{
			"from": [7.87355, -10.14636, 6.50864],
			"to": [8.09954, -9.74099, 7.8646],
			"rotation": {"angle": 0, "axis": "y", "origin": [9.68148, -8.33842, 9.44654]},
			"faces": {
				"north": {"uv": [5, 14, 6, 15], "texture": "#0"},
				"east": {"uv": [5, 14, 6, 15], "texture": "#0"},
				"south": {"uv": [5, 14, 6, 15], "texture": "#0"},
				"west": {"uv": [5, 14, 6, 15], "texture": "#0"},
				"up": {"uv": [5, 14, 6, 15], "texture": "#0"},
				"down": {"uv": [5, 14, 6, 15], "texture": "#0"}
			}
		},
		{
			"from": [8.09954, -10.14636, 6.28265],
			"to": [8.55152, -9.74099, 8.09059],
			"rotation": {"angle": 0, "axis": "y", "origin": [9.90748, -8.33842, 9.67253]},
			"faces": {
				"north": {"uv": [5, 14, 6, 15], "texture": "#0"},
				"east": {"uv": [5, 14, 6, 15], "texture": "#0"},
				"south": {"uv": [5, 14, 6, 15], "texture": "#0"},
				"west": {"uv": [5, 14, 6, 15], "texture": "#0"},
				"up": {"uv": [5, 14, 6, 15], "texture": "#0"},
				"down": {"uv": [5, 14, 6, 15], "texture": "#0"}
			}
		},
		{
			"from": [7.92033, -10.14636, 7.7516],
			"to": [8.14633, -9.74099, 8.07117],
			"rotation": {"angle": 45, "axis": "y", "origin": [8.03333, -10.03336, 7.8646]},
			"faces": {
				"north": {"uv": [5, 14, 6, 15], "texture": "#0"},
				"east": {"uv": [5, 14, 6, 15], "texture": "#0"},
				"south": {"uv": [5, 14, 6, 15], "texture": "#0"},
				"west": {"uv": [5, 14, 6, 15], "texture": "#0"},
				"up": {"uv": [5, 14, 6, 15], "texture": "#0"},
				"down": {"uv": [5, 14, 6, 15], "texture": "#0"}
			}
		},
		{
			"from": [7.92033, -10.14636, 6.30251],
			"to": [8.14633, -9.74099, 6.62208],
			"rotation": {"angle": -45, "axis": "y", "origin": [8.03333, -10.03336, 6.50909]},
			"faces": {
				"north": {"uv": [5, 14, 6, 15], "texture": "#0"},
				"east": {"uv": [5, 14, 6, 15], "texture": "#0"},
				"south": {"uv": [5, 14, 6, 15], "texture": "#0"},
				"west": {"uv": [5, 14, 6, 15], "texture": "#0"},
				"up": {"uv": [5, 14, 6, 15], "texture": "#0"},
				"down": {"uv": [5, 14, 6, 15], "texture": "#0"}
			}
		},
		{
			"from": [8.50694, -10.14636, 7.7516],
			"to": [8.73293, -9.74099, 8.07117],
			"rotation": {"angle": -45, "axis": "y", "origin": [8.61994, -10.03336, 7.8646]},
			"faces": {
				"north": {"uv": [5, 14, 6, 15], "texture": "#0"},
				"east": {"uv": [5, 14, 6, 15], "texture": "#0"},
				"south": {"uv": [5, 14, 6, 15], "texture": "#0"},
				"west": {"uv": [5, 14, 6, 15], "texture": "#0"},
				"up": {"uv": [5, 14, 6, 15], "texture": "#0"},
				"down": {"uv": [5, 14, 6, 15], "texture": "#0"}
			}
		},
		{
			"from": [8.50694, -10.14636, 6.30251],
			"to": [8.73293, -9.74099, 6.62208],
			"rotation": {"angle": 45, "axis": "y", "origin": [8.61994, -10.03336, 6.50909]},
			"faces": {
				"north": {"uv": [5, 14, 6, 15], "texture": "#0"},
				"east": {"uv": [5, 14, 6, 15], "texture": "#0"},
				"south": {"uv": [5, 14, 6, 15], "texture": "#0"},
				"west": {"uv": [5, 14, 6, 15], "texture": "#0"},
				"up": {"uv": [5, 14, 6, 15], "texture": "#0"},
				"down": {"uv": [5, 14, 6, 15], "texture": "#0"}
			}
		},
		{
			"from": [8.55152, -8.76261, 6.50864],
			"to": [8.77752, -8.35724, 7.8646],
			"rotation": {"angle": 0, "axis": "y", "origin": [10.35946, -6.95467, 9.44654]},
			"faces": {
				"north": {"uv": [5, 14, 6, 15], "texture": "#0"},
				"east": {"uv": [5, 14, 6, 15], "texture": "#0"},
				"south": {"uv": [5, 14, 6, 15], "texture": "#0"},
				"west": {"uv": [5, 14, 6, 15], "texture": "#0"},
				"up": {"uv": [5, 14, 6, 15], "texture": "#0"},
				"down": {"uv": [5, 14, 6, 15], "texture": "#0"}
			}
		},
		{
			"from": [7.87355, -8.76261, 6.50864],
			"to": [8.09954, -8.35724, 7.8646],
			"rotation": {"angle": 0, "axis": "y", "origin": [9.68148, -6.95467, 9.44654]},
			"faces": {
				"north": {"uv": [5, 14, 6, 15], "texture": "#0"},
				"east": {"uv": [5, 14, 6, 15], "texture": "#0"},
				"south": {"uv": [5, 14, 6, 15], "texture": "#0"},
				"west": {"uv": [5, 14, 6, 15], "texture": "#0"},
				"up": {"uv": [5, 14, 6, 15], "texture": "#0"},
				"down": {"uv": [5, 14, 6, 15], "texture": "#0"}
			}
		},
		{
			"from": [8.09954, -8.76261, 6.28265],
			"to": [8.55152, -8.35724, 8.09059],
			"rotation": {"angle": 0, "axis": "y", "origin": [9.90748, -6.95467, 9.67253]},
			"faces": {
				"north": {"uv": [5, 14, 6, 15], "texture": "#0"},
				"east": {"uv": [5, 14, 6, 15], "texture": "#0"},
				"south": {"uv": [5, 14, 6, 15], "texture": "#0"},
				"west": {"uv": [5, 14, 6, 15], "texture": "#0"},
				"up": {"uv": [5, 14, 6, 15], "texture": "#0"},
				"down": {"uv": [5, 14, 6, 15], "texture": "#0"}
			}
		},
		{
			"from": [7.92033, -8.76261, 7.7516],
			"to": [8.14633, -8.35724, 8.07117],
			"rotation": {"angle": 45, "axis": "y", "origin": [8.03333, -8.64961, 7.8646]},
			"faces": {
				"north": {"uv": [5, 14, 6, 15], "texture": "#0"},
				"east": {"uv": [5, 14, 6, 15], "texture": "#0"},
				"south": {"uv": [5, 14, 6, 15], "texture": "#0"},
				"west": {"uv": [5, 14, 6, 15], "texture": "#0"},
				"up": {"uv": [5, 14, 6, 15], "texture": "#0"},
				"down": {"uv": [5, 14, 6, 15], "texture": "#0"}
			}
		},
		{
			"from": [7.92033, -8.76261, 6.30251],
			"to": [8.14633, -8.35724, 6.62208],
			"rotation": {"angle": -45, "axis": "y", "origin": [8.03333, -8.64961, 6.50909]},
			"faces": {
				"north": {"uv": [5, 14, 6, 15], "texture": "#0"},
				"east": {"uv": [5, 14, 6, 15], "texture": "#0"},
				"south": {"uv": [5, 14, 6, 15], "texture": "#0"},
				"west": {"uv": [5, 14, 6, 15], "texture": "#0"},
				"up": {"uv": [5, 14, 6, 15], "texture": "#0"},
				"down": {"uv": [5, 14, 6, 15], "texture": "#0"}
			}
		},
		{
			"from": [8.50694, -8.76261, 7.7516],
			"to": [8.73293, -8.35724, 8.07117],
			"rotation": {"angle": -45, "axis": "y", "origin": [8.61994, -8.64961, 7.8646]},
			"faces": {
				"north": {"uv": [5, 14, 6, 15], "texture": "#0"},
				"east": {"uv": [5, 14, 6, 15], "texture": "#0"},
				"south": {"uv": [5, 14, 6, 15], "texture": "#0"},
				"west": {"uv": [5, 14, 6, 15], "texture": "#0"},
				"up": {"uv": [5, 14, 6, 15], "texture": "#0"},
				"down": {"uv": [5, 14, 6, 15], "texture": "#0"}
			}
		},
		{
			"from": [8.50694, -8.76261, 6.30251],
			"to": [8.73293, -8.35724, 6.62208],
			"rotation": {"angle": 45, "axis": "y", "origin": [8.61994, -8.64961, 6.50909]},
			"faces": {
				"north": {"uv": [5, 14, 6, 15], "texture": "#0"},
				"east": {"uv": [5, 14, 6, 15], "texture": "#0"},
				"south": {"uv": [5, 14, 6, 15], "texture": "#0"},
				"west": {"uv": [5, 14, 6, 15], "texture": "#0"},
				"up": {"uv": [5, 14, 6, 15], "texture": "#0"},
				"down": {"uv": [5, 14, 6, 15], "texture": "#0"}
			}
		},
		{
			"from": [8.55152, -9.43206, 6.50864],
			"to": [8.77752, -9.02669, 7.8646],
			"rotation": {"angle": 0, "axis": "y", "origin": [10.35946, -7.62412, 9.44654]},
			"faces": {
				"north": {"uv": [5, 14, 6, 15], "texture": "#0"},
				"east": {"uv": [5, 14, 6, 15], "texture": "#0"},
				"south": {"uv": [5, 14, 6, 15], "texture": "#0"},
				"west": {"uv": [5, 14, 6, 15], "texture": "#0"},
				"up": {"uv": [5, 14, 6, 15], "texture": "#0"},
				"down": {"uv": [5, 14, 6, 15], "texture": "#0"}
			}
		},
		{
			"from": [7.87355, -9.43206, 6.50864],
			"to": [8.09954, -9.02669, 7.8646],
			"rotation": {"angle": 0, "axis": "y", "origin": [9.68148, -7.62412, 9.44654]},
			"faces": {
				"north": {"uv": [5, 14, 6, 15], "texture": "#0"},
				"east": {"uv": [5, 14, 6, 15], "texture": "#0"},
				"south": {"uv": [5, 14, 6, 15], "texture": "#0"},
				"west": {"uv": [5, 14, 6, 15], "texture": "#0"},
				"up": {"uv": [5, 14, 6, 15], "texture": "#0"},
				"down": {"uv": [5, 14, 6, 15], "texture": "#0"}
			}
		},
		{
			"from": [8.09954, -9.43206, 6.28265],
			"to": [8.55152, -9.02669, 8.09059],
			"rotation": {"angle": 0, "axis": "y", "origin": [9.90748, -7.62412, 9.67253]},
			"faces": {
				"north": {"uv": [5, 14, 6, 15], "texture": "#0"},
				"east": {"uv": [5, 14, 6, 15], "texture": "#0"},
				"south": {"uv": [5, 14, 6, 15], "texture": "#0"},
				"west": {"uv": [5, 14, 6, 15], "texture": "#0"},
				"up": {"uv": [5, 14, 6, 15], "texture": "#0"},
				"down": {"uv": [5, 14, 6, 15], "texture": "#0"}
			}
		},
		{
			"from": [7.92033, -9.43206, 7.7516],
			"to": [8.14633, -9.02669, 8.07117],
			"rotation": {"angle": 45, "axis": "y", "origin": [8.03333, -9.31906, 7.8646]},
			"faces": {
				"north": {"uv": [5, 14, 6, 15], "texture": "#0"},
				"east": {"uv": [5, 14, 6, 15], "texture": "#0"},
				"south": {"uv": [5, 14, 6, 15], "texture": "#0"},
				"west": {"uv": [5, 14, 6, 15], "texture": "#0"},
				"up": {"uv": [5, 14, 6, 15], "texture": "#0"},
				"down": {"uv": [5, 14, 6, 15], "texture": "#0"}
			}
		},
		{
			"from": [7.92033, -9.43206, 6.30251],
			"to": [8.14633, -9.02669, 6.62208],
			"rotation": {"angle": -45, "axis": "y", "origin": [8.03333, -9.31906, 6.50909]},
			"faces": {
				"north": {"uv": [5, 14, 6, 15], "texture": "#0"},
				"east": {"uv": [5, 14, 6, 15], "texture": "#0"},
				"south": {"uv": [5, 14, 6, 15], "texture": "#0"},
				"west": {"uv": [5, 14, 6, 15], "texture": "#0"},
				"up": {"uv": [5, 14, 6, 15], "texture": "#0"},
				"down": {"uv": [5, 14, 6, 15], "texture": "#0"}
			}
		},
		{
			"from": [8.50694, -9.43206, 7.7516],
			"to": [8.73293, -9.02669, 8.07117],
			"rotation": {"angle": -45, "axis": "y", "origin": [8.61994, -9.31906, 7.8646]},
			"faces": {
				"north": {"uv": [5, 14, 6, 15], "texture": "#0"},
				"east": {"uv": [5, 14, 6, 15], "texture": "#0"},
				"south": {"uv": [5, 14, 6, 15], "texture": "#0"},
				"west": {"uv": [5, 14, 6, 15], "texture": "#0"},
				"up": {"uv": [5, 14, 6, 15], "texture": "#0"},
				"down": {"uv": [5, 14, 6, 15], "texture": "#0"}
			}
		},
		{
			"from": [8.50694, -9.43206, 6.30251],
			"to": [8.73293, -9.02669, 6.62208],
			"rotation": {"angle": 45, "axis": "y", "origin": [8.61994, -9.31906, 6.50909]},
			"faces": {
				"north": {"uv": [5, 14, 6, 15], "texture": "#0"},
				"east": {"uv": [5, 14, 6, 15], "texture": "#0"},
				"south": {"uv": [5, 14, 6, 15], "texture": "#0"},
				"west": {"uv": [5, 14, 6, 15], "texture": "#0"},
				"up": {"uv": [5, 14, 6, 15], "texture": "#0"},
				"down": {"uv": [5, 14, 6, 15], "texture": "#0"}
			}
		},
		{
			"from": [8.55152, -8.03229, 6.50864],
			"to": [8.77752, -7.62693, 7.8646],
			"rotation": {"angle": 0, "axis": "y", "origin": [10.35946, -6.22436, 9.44654]},
			"faces": {
				"north": {"uv": [5, 14, 6, 15], "texture": "#0"},
				"east": {"uv": [5, 14, 6, 15], "texture": "#0"},
				"south": {"uv": [5, 14, 6, 15], "texture": "#0"},
				"west": {"uv": [5, 14, 6, 15], "texture": "#0"},
				"up": {"uv": [5, 14, 6, 15], "texture": "#0"},
				"down": {"uv": [5, 14, 6, 15], "texture": "#0"}
			}
		},
		{
			"from": [7.87355, -8.03229, 6.50864],
			"to": [8.09954, -7.62693, 7.8646],
			"rotation": {"angle": 0, "axis": "y", "origin": [9.68148, -6.22436, 9.44654]},
			"faces": {
				"north": {"uv": [5, 14, 6, 15], "texture": "#0"},
				"east": {"uv": [5, 14, 6, 15], "texture": "#0"},
				"south": {"uv": [5, 14, 6, 15], "texture": "#0"},
				"west": {"uv": [5, 14, 6, 15], "texture": "#0"},
				"up": {"uv": [5, 14, 6, 15], "texture": "#0"},
				"down": {"uv": [5, 14, 6, 15], "texture": "#0"}
			}
		},
		{
			"from": [8.09954, -8.03229, 6.28265],
			"to": [8.55152, -7.62693, 8.09059],
			"rotation": {"angle": 0, "axis": "y", "origin": [9.90748, -6.22436, 9.67253]},
			"faces": {
				"north": {"uv": [5, 14, 6, 15], "texture": "#0"},
				"east": {"uv": [5, 14, 6, 15], "texture": "#0"},
				"south": {"uv": [5, 14, 6, 15], "texture": "#0"},
				"west": {"uv": [5, 14, 6, 15], "texture": "#0"},
				"up": {"uv": [5, 14, 6, 15], "texture": "#0"},
				"down": {"uv": [5, 14, 6, 15], "texture": "#0"}
			}
		},
		{
			"from": [7.92033, -8.03229, 7.7516],
			"to": [8.14633, -7.62693, 8.07117],
			"rotation": {"angle": 45, "axis": "y", "origin": [8.03333, -7.9193, 7.8646]},
			"faces": {
				"north": {"uv": [5, 14, 6, 15], "texture": "#0"},
				"east": {"uv": [5, 14, 6, 15], "texture": "#0"},
				"south": {"uv": [5, 14, 6, 15], "texture": "#0"},
				"west": {"uv": [5, 14, 6, 15], "texture": "#0"},
				"up": {"uv": [5, 14, 6, 15], "texture": "#0"},
				"down": {"uv": [5, 14, 6, 15], "texture": "#0"}
			}
		},
		{
			"from": [7.92033, -8.03229, 6.30251],
			"to": [8.14633, -7.62693, 6.62208],
			"rotation": {"angle": -45, "axis": "y", "origin": [8.03333, -7.9193, 6.50909]},
			"faces": {
				"north": {"uv": [5, 14, 6, 15], "texture": "#0"},
				"east": {"uv": [5, 14, 6, 15], "texture": "#0"},
				"south": {"uv": [5, 14, 6, 15], "texture": "#0"},
				"west": {"uv": [5, 14, 6, 15], "texture": "#0"},
				"up": {"uv": [5, 14, 6, 15], "texture": "#0"},
				"down": {"uv": [5, 14, 6, 15], "texture": "#0"}
			}
		},
		{
			"from": [8.50694, -8.03229, 7.7516],
			"to": [8.73293, -7.62693, 8.07117],
			"rotation": {"angle": -45, "axis": "y", "origin": [8.61994, -7.9193, 7.8646]},
			"faces": {
				"north": {"uv": [5, 14, 6, 15], "texture": "#0"},
				"east": {"uv": [5, 14, 6, 15], "texture": "#0"},
				"south": {"uv": [5, 14, 6, 15], "texture": "#0"},
				"west": {"uv": [5, 14, 6, 15], "texture": "#0"},
				"up": {"uv": [5, 14, 6, 15], "texture": "#0"},
				"down": {"uv": [5, 14, 6, 15], "texture": "#0"}
			}
		},
		{
			"from": [8.50694, -8.03229, 6.30251],
			"to": [8.73293, -7.62693, 6.62208],
			"rotation": {"angle": 45, "axis": "y", "origin": [8.61994, -7.9193, 6.50909]},
			"faces": {
				"north": {"uv": [5, 14, 6, 15], "texture": "#0"},
				"east": {"uv": [5, 14, 6, 15], "texture": "#0"},
				"south": {"uv": [5, 14, 6, 15], "texture": "#0"},
				"west": {"uv": [5, 14, 6, 15], "texture": "#0"},
				"up": {"uv": [5, 14, 6, 15], "texture": "#0"},
				"down": {"uv": [5, 14, 6, 15], "texture": "#0"}
			}
		},
		{
			"from": [8.55152, -7.3244, 6.50864],
			"to": [8.77752, -6.91904, 7.8646],
			"rotation": {"angle": 0, "axis": "y", "origin": [10.35946, -5.51647, 9.44654]},
			"faces": {
				"north": {"uv": [5, 14, 6, 15], "texture": "#0"},
				"east": {"uv": [5, 14, 6, 15], "texture": "#0"},
				"south": {"uv": [5, 14, 6, 15], "texture": "#0"},
				"west": {"uv": [5, 14, 6, 15], "texture": "#0"},
				"up": {"uv": [5, 14, 6, 15], "texture": "#0"},
				"down": {"uv": [5, 14, 6, 15], "texture": "#0"}
			}
		},
		{
			"from": [7.87355, -7.3244, 6.50864],
			"to": [8.09954, -6.91904, 7.8646],
			"rotation": {"angle": 0, "axis": "y", "origin": [9.68148, -5.51647, 9.44654]},
			"faces": {
				"north": {"uv": [5, 14, 6, 15], "texture": "#0"},
				"east": {"uv": [5, 14, 6, 15], "texture": "#0"},
				"south": {"uv": [5, 14, 6, 15], "texture": "#0"},
				"west": {"uv": [5, 14, 6, 15], "texture": "#0"},
				"up": {"uv": [5, 14, 6, 15], "texture": "#0"},
				"down": {"uv": [5, 14, 6, 15], "texture": "#0"}
			}
		},
		{
			"from": [8.09954, -7.3244, 6.28265],
			"to": [8.55152, -6.91904, 8.09059],
			"rotation": {"angle": 0, "axis": "y", "origin": [9.90748, -5.51647, 9.67253]},
			"faces": {
				"north": {"uv": [5, 14, 6, 15], "texture": "#0"},
				"east": {"uv": [5, 14, 6, 15], "texture": "#0"},
				"south": {"uv": [5, 14, 6, 15], "texture": "#0"},
				"west": {"uv": [5, 14, 6, 15], "texture": "#0"},
				"up": {"uv": [5, 14, 6, 15], "texture": "#0"},
				"down": {"uv": [5, 14, 6, 15], "texture": "#0"}
			}
		},
		{
			"from": [7.92033, -7.3244, 7.7516],
			"to": [8.14633, -6.91904, 8.07117],
			"rotation": {"angle": 45, "axis": "y", "origin": [8.03333, -7.21141, 7.8646]},
			"faces": {
				"north": {"uv": [5, 14, 6, 15], "texture": "#0"},
				"east": {"uv": [5, 14, 6, 15], "texture": "#0"},
				"south": {"uv": [5, 14, 6, 15], "texture": "#0"},
				"west": {"uv": [5, 14, 6, 15], "texture": "#0"},
				"up": {"uv": [5, 14, 6, 15], "texture": "#0"},
				"down": {"uv": [5, 14, 6, 15], "texture": "#0"}
			}
		},
		{
			"from": [7.92033, -7.3244, 6.30251],
			"to": [8.14633, -6.91904, 6.62208],
			"rotation": {"angle": -45, "axis": "y", "origin": [8.03333, -7.21141, 6.50909]},
			"faces": {
				"north": {"uv": [5, 14, 6, 15], "texture": "#0"},
				"east": {"uv": [5, 14, 6, 15], "texture": "#0"},
				"south": {"uv": [5, 14, 6, 15], "texture": "#0"},
				"west": {"uv": [5, 14, 6, 15], "texture": "#0"},
				"up": {"uv": [5, 14, 6, 15], "texture": "#0"},
				"down": {"uv": [5, 14, 6, 15], "texture": "#0"}
			}
		},
		{
			"from": [8.50694, -7.3244, 7.7516],
			"to": [8.73293, -6.91904, 8.07117],
			"rotation": {"angle": -45, "axis": "y", "origin": [8.61994, -7.21141, 7.8646]},
			"faces": {
				"north": {"uv": [5, 14, 6, 15], "texture": "#0"},
				"east": {"uv": [5, 14, 6, 15], "texture": "#0"},
				"south": {"uv": [5, 14, 6, 15], "texture": "#0"},
				"west": {"uv": [5, 14, 6, 15], "texture": "#0"},
				"up": {"uv": [5, 14, 6, 15], "texture": "#0"},
				"down": {"uv": [5, 14, 6, 15], "texture": "#0"}
			}
		},
		{
			"from": [8.50694, -7.3244, 6.30251],
			"to": [8.73293, -6.91904, 6.62208],
			"rotation": {"angle": 45, "axis": "y", "origin": [8.61994, -7.21141, 6.50909]},
			"faces": {
				"north": {"uv": [5, 14, 6, 15], "texture": "#0"},
				"east": {"uv": [5, 14, 6, 15], "texture": "#0"},
				"south": {"uv": [5, 14, 6, 15], "texture": "#0"},
				"west": {"uv": [5, 14, 6, 15], "texture": "#0"},
				"up": {"uv": [5, 14, 6, 15], "texture": "#0"},
				"down": {"uv": [5, 14, 6, 15], "texture": "#0"}
			}
		},
		{
			"from": [8.55152, -6.59409, 6.50864],
			"to": [8.77752, -6.18872, 7.8646],
			"rotation": {"angle": 0, "axis": "y", "origin": [10.35946, -4.78616, 9.44654]},
			"faces": {
				"north": {"uv": [5, 14, 6, 15], "texture": "#0"},
				"east": {"uv": [5, 14, 6, 15], "texture": "#0"},
				"south": {"uv": [5, 14, 6, 15], "texture": "#0"},
				"west": {"uv": [5, 14, 6, 15], "texture": "#0"},
				"up": {"uv": [5, 14, 6, 15], "texture": "#0"},
				"down": {"uv": [5, 14, 6, 15], "texture": "#0"}
			}
		},
		{
			"from": [7.87355, -6.59409, 6.50864],
			"to": [8.09954, -6.18872, 7.8646],
			"rotation": {"angle": 0, "axis": "y", "origin": [9.68148, -4.78616, 9.44654]},
			"faces": {
				"north": {"uv": [5, 14, 6, 15], "texture": "#0"},
				"east": {"uv": [5, 14, 6, 15], "texture": "#0"},
				"south": {"uv": [5, 14, 6, 15], "texture": "#0"},
				"west": {"uv": [5, 14, 6, 15], "texture": "#0"},
				"up": {"uv": [5, 14, 6, 15], "texture": "#0"},
				"down": {"uv": [5, 14, 6, 15], "texture": "#0"}
			}
		},
		{
			"from": [8.09954, -6.59409, 6.28265],
			"to": [8.55152, -6.18872, 8.09059],
			"rotation": {"angle": 0, "axis": "y", "origin": [9.90748, -4.78616, 9.67253]},
			"faces": {
				"north": {"uv": [5, 14, 6, 15], "texture": "#0"},
				"east": {"uv": [5, 14, 6, 15], "texture": "#0"},
				"south": {"uv": [5, 14, 6, 15], "texture": "#0"},
				"west": {"uv": [5, 14, 6, 15], "texture": "#0"},
				"up": {"uv": [5, 14, 6, 15], "texture": "#0"},
				"down": {"uv": [5, 14, 6, 15], "texture": "#0"}
			}
		},
		{
			"from": [7.92033, -6.59409, 7.7516],
			"to": [8.14633, -6.18872, 8.07117],
			"rotation": {"angle": 45, "axis": "y", "origin": [8.03333, -6.4811, 7.8646]},
			"faces": {
				"north": {"uv": [5, 14, 6, 15], "texture": "#0"},
				"east": {"uv": [5, 14, 6, 15], "texture": "#0"},
				"south": {"uv": [5, 14, 6, 15], "texture": "#0"},
				"west": {"uv": [5, 14, 6, 15], "texture": "#0"},
				"up": {"uv": [5, 14, 6, 15], "texture": "#0"},
				"down": {"uv": [5, 14, 6, 15], "texture": "#0"}
			}
		},
		{
			"from": [7.92033, -6.59409, 6.30251],
			"to": [8.14633, -6.18872, 6.62208],
			"rotation": {"angle": -45, "axis": "y", "origin": [8.03333, -6.4811, 6.50909]},
			"faces": {
				"north": {"uv": [5, 14, 6, 15], "texture": "#0"},
				"east": {"uv": [5, 14, 6, 15], "texture": "#0"},
				"south": {"uv": [5, 14, 6, 15], "texture": "#0"},
				"west": {"uv": [5, 14, 6, 15], "texture": "#0"},
				"up": {"uv": [5, 14, 6, 15], "texture": "#0"},
				"down": {"uv": [5, 14, 6, 15], "texture": "#0"}
			}
		},
		{
			"from": [8.50694, -6.59409, 7.7516],
			"to": [8.73293, -6.18872, 8.07117],
			"rotation": {"angle": -45, "axis": "y", "origin": [8.61994, -6.4811, 7.8646]},
			"faces": {
				"north": {"uv": [5, 14, 6, 15], "texture": "#0"},
				"east": {"uv": [5, 14, 6, 15], "texture": "#0"},
				"south": {"uv": [5, 14, 6, 15], "texture": "#0"},
				"west": {"uv": [5, 14, 6, 15], "texture": "#0"},
				"up": {"uv": [5, 14, 6, 15], "texture": "#0"},
				"down": {"uv": [5, 14, 6, 15], "texture": "#0"}
			}
		},
		{
			"from": [8.50694, -6.59409, 6.30251],
			"to": [8.73293, -6.18872, 6.62208],
			"rotation": {"angle": 45, "axis": "y", "origin": [8.61994, -6.4811, 6.50909]},
			"faces": {
				"north": {"uv": [5, 14, 6, 15], "texture": "#0"},
				"east": {"uv": [5, 14, 6, 15], "texture": "#0"},
				"south": {"uv": [5, 14, 6, 15], "texture": "#0"},
				"west": {"uv": [5, 14, 6, 15], "texture": "#0"},
				"up": {"uv": [5, 14, 6, 15], "texture": "#0"},
				"down": {"uv": [5, 14, 6, 15], "texture": "#0"}
			}
		},
		{
			"from": [8.55152, -5.90222, 6.50864],
			"to": [8.77752, -5.49685, 7.74928],
			"rotation": {"angle": 0, "axis": "y", "origin": [10.35946, -4.09428, 9.44654]},
			"faces": {
				"north": {"uv": [5, 14, 6, 15], "texture": "#0"},
				"east": {"uv": [5, 14, 6, 15], "texture": "#0"},
				"south": {"uv": [5, 14, 6, 15], "texture": "#0"},
				"west": {"uv": [5, 14, 6, 15], "texture": "#0"},
				"up": {"uv": [5, 14, 6, 15], "texture": "#0"},
				"down": {"uv": [5, 14, 6, 15], "texture": "#0"}
			}
		},
		{
			"from": [8.55152, -5.49862, 7.36708],
			"to": [8.77752, 0.77096, 7.74608],
			"rotation": {"angle": 0, "axis": "y", "origin": [10.35946, -3.69069, 9.65474]},
			"faces": {
				"north": {"uv": [5, 14, 6, 15], "texture": "#0"},
				"east": {"uv": [5, 14, 6, 15], "texture": "#0"},
				"south": {"uv": [5, 14, 6, 15], "texture": "#0"},
				"west": {"uv": [5, 14, 6, 15], "texture": "#0"},
				"up": {"uv": [5, 14, 6, 15], "texture": "#0"},
				"down": {"uv": [5, 14, 6, 15], "texture": "#0"}
			}
		},
		{
			"from": [7.87355, -5.90222, 6.50864],
			"to": [8.09954, -5.49685, 7.74928],
			"rotation": {"angle": 0, "axis": "y", "origin": [9.68148, -4.09428, 9.44654]},
			"faces": {
				"north": {"uv": [5, 14, 6, 15], "texture": "#0"},
				"east": {"uv": [5, 14, 6, 15], "texture": "#0"},
				"south": {"uv": [5, 14, 6, 15], "texture": "#0"},
				"west": {"uv": [5, 14, 6, 15], "texture": "#0"},
				"up": {"uv": [5, 14, 6, 15], "texture": "#0"},
				"down": {"uv": [5, 14, 6, 15], "texture": "#0"}
			}
		},
		{
			"from": [7.87355, -5.49862, 7.36708],
			"to": [8.09954, 0.77096, 7.74608],
			"rotation": {"angle": 0, "axis": "y", "origin": [9.68148, -3.69069, 9.65474]},
			"faces": {
				"north": {"uv": [5, 14, 6, 15], "texture": "#0"},
				"east": {"uv": [5, 14, 6, 15], "texture": "#0"},
				"south": {"uv": [5, 14, 6, 15], "texture": "#0"},
				"west": {"uv": [5, 14, 6, 15], "texture": "#0"},
				"up": {"uv": [5, 14, 6, 15], "texture": "#0"},
				"down": {"uv": [5, 14, 6, 15], "texture": "#0"}
			}
		},
		{
			"from": [7.92033, -5.90222, 6.30251],
			"to": [8.14633, -5.49685, 6.62208],
			"rotation": {"angle": -45, "axis": "y", "origin": [8.03333, -5.78922, 6.50909]},
			"faces": {
				"north": {"uv": [5, 14, 6, 15], "texture": "#0"},
				"east": {"uv": [5, 14, 6, 15], "texture": "#0"},
				"south": {"uv": [5, 14, 6, 15], "texture": "#0"},
				"west": {"uv": [5, 14, 6, 15], "texture": "#0"},
				"up": {"uv": [5, 14, 6, 15], "texture": "#0"},
				"down": {"uv": [5, 14, 6, 15], "texture": "#0"}
			}
		},
		{
			"from": [8.50694, -5.90222, 6.30251],
			"to": [8.73293, -5.49685, 6.62208],
			"rotation": {"angle": 45, "axis": "y", "origin": [8.61994, -5.78922, 6.50909]},
			"faces": {
				"north": {"uv": [5, 14, 6, 15], "texture": "#0"},
				"east": {"uv": [5, 14, 6, 15], "texture": "#0"},
				"south": {"uv": [5, 14, 6, 15], "texture": "#0"},
				"west": {"uv": [5, 14, 6, 15], "texture": "#0"},
				"up": {"uv": [5, 14, 6, 15], "texture": "#0"},
				"down": {"uv": [5, 14, 6, 15], "texture": "#0"}
			}
		},
		{
			"from": [8.55152, -5.04058, 6.50864],
			"to": [8.77752, -4.63521, 7.23358],
			"rotation": {"angle": 0, "axis": "y", "origin": [10.35946, -3.23264, 9.44654]},
			"faces": {
				"north": {"uv": [5, 14, 6, 15], "texture": "#0"},
				"east": {"uv": [5, 14, 6, 15], "texture": "#0"},
				"south": {"uv": [5, 14, 6, 15], "texture": "#0"},
				"west": {"uv": [5, 14, 6, 15], "texture": "#0"},
				"up": {"uv": [5, 14, 6, 15], "texture": "#0"},
				"down": {"uv": [5, 14, 6, 15], "texture": "#0"}
			}
		},
		{
			"from": [8.55152, -4.63698, 6.85458],
			"to": [8.77752, -1.90294, 7.23358],
			"rotation": {"angle": 0, "axis": "y", "origin": [10.35946, -2.82905, 9.14224]},
			"faces": {
				"north": {"uv": [5, 14, 6, 15], "texture": "#0"},
				"east": {"uv": [5, 14, 6, 15], "texture": "#0"},
				"south": {"uv": [5, 14, 6, 15], "texture": "#0"},
				"west": {"uv": [5, 14, 6, 15], "texture": "#0"},
				"up": {"uv": [5, 14, 6, 15], "texture": "#0"},
				"down": {"uv": [5, 14, 6, 15], "texture": "#0"}
			}
		},
		{
			"from": [7.87355, -5.04058, 6.50864],
			"to": [8.09954, -4.63521, 7.23358],
			"rotation": {"angle": 0, "axis": "y", "origin": [9.68148, -3.23264, 9.44654]},
			"faces": {
				"north": {"uv": [5, 14, 6, 15], "texture": "#0"},
				"east": {"uv": [5, 14, 6, 15], "texture": "#0"},
				"south": {"uv": [5, 14, 6, 15], "texture": "#0"},
				"west": {"uv": [5, 14, 6, 15], "texture": "#0"},
				"up": {"uv": [5, 14, 6, 15], "texture": "#0"},
				"down": {"uv": [5, 14, 6, 15], "texture": "#0"}
			}
		},
		{
			"from": [7.87355, -4.63698, 6.85458],
			"to": [8.09954, -1.90294, 7.23358],
			"rotation": {"angle": 0, "axis": "y", "origin": [9.68148, -2.82905, 9.14224]},
			"faces": {
				"north": {"uv": [5, 14, 6, 15], "texture": "#0"},
				"east": {"uv": [5, 14, 6, 15], "texture": "#0"},
				"south": {"uv": [5, 14, 6, 15], "texture": "#0"},
				"west": {"uv": [5, 14, 6, 15], "texture": "#0"},
				"up": {"uv": [5, 14, 6, 15], "texture": "#0"},
				"down": {"uv": [5, 14, 6, 15], "texture": "#0"}
			}
		},
		{
			"from": [7.92033, -5.04058, 6.30251],
			"to": [8.14633, -4.63521, 6.62208],
			"rotation": {"angle": -45, "axis": "y", "origin": [8.03333, -4.92758, 6.50909]},
			"faces": {
				"north": {"uv": [5, 14, 6, 15], "texture": "#0"},
				"east": {"uv": [5, 14, 6, 15], "texture": "#0"},
				"south": {"uv": [5, 14, 6, 15], "texture": "#0"},
				"west": {"uv": [5, 14, 6, 15], "texture": "#0"},
				"up": {"uv": [5, 14, 6, 15], "texture": "#0"},
				"down": {"uv": [5, 14, 6, 15], "texture": "#0"}
			}
		},
		{
			"from": [8.50694, -5.04058, 6.30251],
			"to": [8.73293, -4.63521, 6.62208],
			"rotation": {"angle": 45, "axis": "y", "origin": [8.61994, -4.92758, 6.50909]},
			"faces": {
				"north": {"uv": [5, 14, 6, 15], "texture": "#0"},
				"east": {"uv": [5, 14, 6, 15], "texture": "#0"},
				"south": {"uv": [5, 14, 6, 15], "texture": "#0"},
				"west": {"uv": [5, 14, 6, 15], "texture": "#0"},
				"up": {"uv": [5, 14, 6, 15], "texture": "#0"},
				"down": {"uv": [5, 14, 6, 15], "texture": "#0"}
			}
		},
		{
			"from": [7.29237, -2.00556, 5.51383],
			"to": [9.35877, -1.83669, 8.85943],
			"rotation": {"angle": 0, "axis": "y", "origin": [9.81797, -9.99582, 9.53183]},
			"faces": {
				"north": {"uv": [7, 15, 8, 16], "texture": "#0"},
				"east": {"uv": [7, 15, 8, 16], "texture": "#0"},
				"south": {"uv": [7, 15, 8, 16], "texture": "#0"},
				"west": {"uv": [7, 15, 8, 16], "texture": "#0"},
				"up": {"uv": [7, 15, 8, 16], "texture": "#0"},
				"down": {"uv": [7, 15, 8, 16], "texture": "#0"}
			}
		},
		{
			"from": [7.29237, -2.02001, 5.26722],
			"to": [9.35877, -0.76605, 5.43609],
			"rotation": {"angle": -22.5, "axis": "x", "origin": [8.32557, -1.39303, 5.35165]},
			"faces": {
				"north": {"uv": [7, 15, 8, 16], "rotation": 180, "texture": "#0"},
				"east": {"uv": [7, 15, 8, 16], "rotation": 270, "texture": "#0"},
				"south": {"uv": [7, 15, 8, 16], "texture": "#0"},
				"west": {"uv": [7, 15, 8, 16], "rotation": 90, "texture": "#0"},
				"up": {"uv": [7, 15, 8, 16], "rotation": 180, "texture": "#0"},
				"down": {"uv": [7, 15, 8, 16], "texture": "#0"}
			}
		},
		{
			"from": [7.89917, -1.96392, 7.30937],
			"to": [8.11237, 1.32159, 7.82623],
			"rotation": {"angle": 0, "axis": "y", "origin": [9.60477, -0.25832, 9.31863]},
			"faces": {
				"north": {"uv": [7, 15, 8, 16], "texture": "#0"},
				"east": {"uv": [7, 15, 8, 16], "texture": "#0"},
				"south": {"uv": [7, 15, 8, 16], "texture": "#0"},
				"west": {"uv": [7, 15, 8, 16], "texture": "#0"},
				"up": {"uv": [7, 15, 8, 16], "texture": "#0"},
				"down": {"uv": [7, 15, 8, 16], "texture": "#0"}
			}
		},
		{
			"from": [8.53979, -1.96392, 7.30937],
			"to": [8.75299, 1.32159, 7.82623],
			"rotation": {"angle": 0, "axis": "y", "origin": [10.24539, -0.25832, 9.31863]},
			"faces": {
				"north": {"uv": [7, 15, 8, 16], "texture": "#0"},
				"east": {"uv": [7, 15, 8, 16], "texture": "#0"},
				"south": {"uv": [7, 15, 8, 16], "texture": "#0"},
				"west": {"uv": [7, 15, 8, 16], "texture": "#0"},
				"up": {"uv": [7, 15, 8, 16], "texture": "#0"},
				"down": {"uv": [7, 15, 8, 16], "texture": "#0"}
			}
		},
		{
			"from": [8.53979, 0.56335, 6.54703],
			"to": [8.75299, 0.94682, 7.31885],
			"rotation": {"angle": 0, "axis": "y", "origin": [10.24539, -0.25832, 9.31863]},
			"faces": {
				"north": {"uv": [7, 15, 8, 16], "texture": "#0"},
				"east": {"uv": [7, 15, 8, 16], "texture": "#0"},
				"south": {"uv": [7, 15, 8, 16], "texture": "#0"},
				"west": {"uv": [7, 15, 8, 16], "texture": "#0"},
				"up": {"uv": [7, 15, 8, 16], "texture": "#0"},
				"down": {"uv": [7, 15, 8, 16], "texture": "#0"}
			}
		},
		{
			"from": [7.89917, 0.56335, 6.54703],
			"to": [8.11237, 0.94682, 7.31885],
			"rotation": {"angle": 0, "axis": "y", "origin": [9.60477, -0.25832, 9.31863]},
			"faces": {
				"north": {"uv": [7, 15, 8, 16], "texture": "#0"},
				"east": {"uv": [7, 15, 8, 16], "texture": "#0"},
				"south": {"uv": [7, 15, 8, 16], "texture": "#0"},
				"west": {"uv": [7, 15, 8, 16], "texture": "#0"},
				"up": {"uv": [7, 15, 8, 16], "texture": "#0"},
				"down": {"uv": [7, 15, 8, 16], "texture": "#0"}
			}
		},
		{
			"from": [8.11237, -1.96392, 6.33383],
			"to": [8.53877, 0.94682, 6.56343],
			"rotation": {"angle": 0, "axis": "y", "origin": [9.81797, -0.25832, 9.53183]},
			"faces": {
				"north": {"uv": [7, 15, 8, 16], "texture": "#0"},
				"east": {"uv": [7, 15, 8, 16], "texture": "#0"},
				"south": {"uv": [7, 15, 8, 16], "texture": "#0"},
				"west": {"uv": [7, 15, 8, 16], "texture": "#0"},
				"up": {"uv": [7, 15, 8, 16], "texture": "#0"},
				"down": {"uv": [7, 15, 8, 16], "texture": "#0"}
			}
		},
		{
			"from": [8.11237, -1.96392, 7.80983],
			"to": [8.53877, 1.70276, 8.03943],
			"rotation": {"angle": 0, "axis": "y", "origin": [9.81797, -0.25832, 11.00783]},
			"faces": {
				"north": {"uv": [7, 15, 8, 16], "texture": "#0"},
				"east": {"uv": [7, 15, 8, 16], "texture": "#0"},
				"south": {"uv": [7, 15, 8, 16], "texture": "#0"},
				"west": {"uv": [7, 15, 8, 16], "texture": "#0"},
				"up": {"uv": [7, 15, 8, 16], "texture": "#0"},
				"down": {"uv": [7, 15, 8, 16], "texture": "#0"}
			}
		},
		{
			"from": [7.94331, -1.96392, 7.71963],
			"to": [8.15651, 1.70276, 8.0211],
			"rotation": {"angle": 45, "axis": "y", "origin": [8.04991, -1.85732, 7.82623]},
			"faces": {
				"north": {"uv": [7, 15, 8, 16], "texture": "#0"},
				"east": {"uv": [7, 15, 8, 16], "texture": "#0"},
				"south": {"uv": [7, 15, 8, 16], "texture": "#0"},
				"west": {"uv": [7, 15, 8, 16], "texture": "#0"},
				"up": {"uv": [7, 15, 8, 16], "texture": "#0"},
				"down": {"uv": [7, 15, 8, 16], "texture": "#0"}
			}
		},
		{
			"from": [7.94331, -1.96392, 6.35257],
			"to": [8.15651, 0.94682, 6.65404],
			"rotation": {"angle": -45, "axis": "y", "origin": [8.04991, -1.85732, 6.54744]},
			"faces": {
				"north": {"uv": [7, 15, 8, 16], "texture": "#0"},
				"east": {"uv": [7, 15, 8, 16], "texture": "#0"},
				"south": {"uv": [7, 15, 8, 16], "texture": "#0"},
				"west": {"uv": [7, 15, 8, 16], "texture": "#0"},
				"up": {"uv": [7, 15, 8, 16], "texture": "#0"},
				"down": {"uv": [7, 15, 8, 16], "texture": "#0"}
			}
		},
		{
			"from": [8.49671, -1.96392, 7.71963],
			"to": [8.70991, 1.70276, 8.0211],
			"rotation": {"angle": -45, "axis": "y", "origin": [8.60331, -1.85732, 7.82623]},
			"faces": {
				"north": {"uv": [7, 15, 8, 16], "texture": "#0"},
				"east": {"uv": [7, 15, 8, 16], "texture": "#0"},
				"south": {"uv": [7, 15, 8, 16], "texture": "#0"},
				"west": {"uv": [7, 15, 8, 16], "texture": "#0"},
				"up": {"uv": [7, 15, 8, 16], "texture": "#0"},
				"down": {"uv": [7, 15, 8, 16], "texture": "#0"}
			}
		},
		{
			"from": [8.49671, -1.96392, 6.35257],
			"to": [8.70991, 0.94682, 6.65404],
			"rotation": {"angle": 45, "axis": "y", "origin": [8.60331, -1.85732, 6.54744]},
			"faces": {
				"north": {"uv": [7, 15, 8, 16], "texture": "#0"},
				"east": {"uv": [7, 15, 8, 16], "texture": "#0"},
				"south": {"uv": [7, 15, 8, 16], "texture": "#0"},
				"west": {"uv": [7, 15, 8, 16], "texture": "#0"},
				"up": {"uv": [7, 15, 8, 16], "texture": "#0"},
				"down": {"uv": [7, 15, 8, 16], "texture": "#0"}
			}
		},
		{
			"from": [7.89917, -1.96392, 6.54703],
			"to": [8.11237, -1.40427, 7.31885],
			"rotation": {"angle": 0, "axis": "y", "origin": [9.60477, -0.25832, 9.31863]},
			"faces": {
				"north": {"uv": [7, 15, 8, 16], "texture": "#0"},
				"east": {"uv": [7, 15, 8, 16], "texture": "#0"},
				"south": {"uv": [7, 15, 8, 16], "texture": "#0"},
				"west": {"uv": [7, 15, 8, 16], "texture": "#0"},
				"up": {"uv": [7, 15, 8, 16], "texture": "#0"},
				"down": {"uv": [7, 15, 8, 16], "texture": "#0"}
			}
		},
		{
			"from": [8.04651, -1.96392, 6.54703],
			"to": [8.63127, 0.72581, 7.31885],
			"rotation": {"angle": 0, "axis": "y", "origin": [9.75211, -0.25832, 9.31863]},
			"faces": {
				"north": {"uv": [15, 0, 16, 1], "texture": "#0"},
				"east": {"uv": [15, 0, 16, 1], "texture": "#0"},
				"south": {"uv": [15, 0, 16, 1], "texture": "#0"},
				"west": {"uv": [15, 0, 16, 1], "texture": "#0"},
				"up": {"uv": [15, 0, 16, 1], "texture": "#0"},
				"down": {"uv": [15, 0, 16, 1], "texture": "#0"}
			}
		},
		{
			"from": [8.12851, 24.54186, 6.93781],
			"to": [8.54927, 27.16893, 7.78705],
			"rotation": {"angle": 0, "axis": "y", "origin": [9.75211, 4.41691, 9.92081]},
			"faces": {
				"north": {"uv": [0, 15, 1, 16], "texture": "#0"},
				"east": {"uv": [0, 15, 1, 16], "texture": "#0"},
				"south": {"uv": [0, 15, 1, 16], "texture": "#0"},
				"west": {"uv": [0, 15, 1, 16], "texture": "#0"},
				"up": {"uv": [0, 15, 1, 16], "texture": "#0"},
				"down": {"uv": [0, 15, 1, 16], "texture": "#0"}
			}
		},
		{
			"from": [8.12851, 27.17077, 6.93781],
			"to": [8.54927, 29.12205, 7.31049],
			"rotation": {"angle": 0, "axis": "y", "origin": [9.75211, 6.37004, 9.92081]},
			"faces": {
				"north": {"uv": [0, 15, 1, 16], "texture": "#0"},
				"east": {"uv": [0, 15, 1, 16], "texture": "#0"},
				"south": {"uv": [0, 15, 1, 16], "texture": "#0"},
				"west": {"uv": [0, 15, 1, 16], "texture": "#0"},
				"up": {"uv": [0, 15, 1, 16], "texture": "#0"},
				"down": {"uv": [0, 15, 1, 16], "texture": "#0"}
			}
		},
		{
			"from": [8.12851, 0.80358, 6.93781],
			"to": [8.54927, 24.55174, 8.1933],
			"rotation": {"angle": 0, "axis": "y", "origin": [9.75211, 1.41691, 9.92081]},
			"faces": {
				"north": {"uv": [0, 15, 1, 16], "texture": "#0"},
				"east": {"uv": [0, 15, 1, 16], "texture": "#0"},
				"south": {"uv": [0, 15, 1, 16], "texture": "#0"},
				"west": {"uv": [0, 15, 1, 16], "texture": "#0"},
				"up": {"uv": [0, 15, 1, 16], "texture": "#0"},
				"down": {"uv": [0, 15, 1, 16], "texture": "#0"}
			}
		},
		{
			"from": [8.12851, 0.80358, 6.93781],
			"to": [8.54927, 24.55174, 8.1933],
			"rotation": {"angle": 0, "axis": "y", "origin": [9.75211, 1.41691, 9.92081]},
			"faces": {
				"north": {"uv": [0, 15, 1, 16], "texture": "#0"},
				"east": {"uv": [0, 15, 1, 16], "texture": "#0"},
				"south": {"uv": [0, 15, 1, 16], "texture": "#0"},
				"west": {"uv": [0, 15, 1, 16], "texture": "#0"},
				"up": {"uv": [0, 15, 1, 16], "texture": "#0"},
				"down": {"uv": [0, 15, 1, 16], "texture": "#0"}
			}
		},
		{
			"from": [8.12851, 0.80358, 6.52781],
			"to": [8.54927, 29.1533, 6.9569],
			"rotation": {"angle": 0, "axis": "y", "origin": [9.75211, 1.41691, 9.51081]},
			"faces": {
				"north": {"uv": [0, 15, 1, 16], "texture": "#1"},
				"east": {"uv": [0, 15, 1, 16], "texture": "#1"},
				"south": {"uv": [0, 15, 1, 16], "texture": "#1"},
				"west": {"uv": [0, 15, 1, 16], "texture": "#1"},
				"up": {"uv": [0, 15, 1, 16], "texture": "#1"},
				"down": {"uv": [0, 15, 1, 16], "texture": "#1"}
			}
		},
		{
			"from": [8.12851, 0.80358, 6.52781],
			"to": [8.54927, 29.1533, 6.9569],
			"rotation": {"angle": 0, "axis": "y", "origin": [9.75211, 1.41691, 9.51081]},
			"faces": {
				"north": {"uv": [0, 15, 1, 16], "texture": "#1"},
				"east": {"uv": [0, 15, 1, 16], "texture": "#1"},
				"south": {"uv": [0, 15, 1, 16], "texture": "#1"},
				"west": {"uv": [0, 15, 1, 16], "texture": "#1"},
				"up": {"uv": [0, 15, 1, 16], "texture": "#1"},
				"down": {"uv": [0, 15, 1, 16], "texture": "#1"}
			}
		},
		{
			"from": [8.12851, 0.80358, 6.52781],
			"to": [8.54927, 29.1533, 6.9569],
			"rotation": {"angle": 0, "axis": "y", "origin": [9.75211, 1.41691, 9.51081]},
			"faces": {
				"north": {"uv": [0, 15, 1, 16], "texture": "#1"},
				"east": {"uv": [0, 15, 1, 16], "texture": "#1"},
				"south": {"uv": [0, 15, 1, 16], "texture": "#1"},
				"west": {"uv": [0, 15, 1, 16], "texture": "#1"},
				"up": {"uv": [0, 15, 1, 16], "texture": "#1"},
				"down": {"uv": [0, 15, 1, 16], "texture": "#1"}
			}
		},
		{
			"from": [8.12851, 1.28795, 8.16781],
			"to": [8.54927, 24.55174, 8.5969],
			"rotation": {"angle": 0, "axis": "y", "origin": [9.75211, 1.41691, 11.15081]},
			"faces": {
				"north": {"uv": [0, 15, 1, 16], "texture": "#1"},
				"east": {"uv": [0, 15, 1, 16], "texture": "#1"},
				"south": {"uv": [0, 15, 1, 16], "texture": "#1"},
				"west": {"uv": [0, 15, 1, 16], "texture": "#1"},
				"up": {"uv": [0, 15, 1, 16], "texture": "#1"},
				"down": {"uv": [0, 15, 1, 16], "texture": "#1"}
			}
		},
		{
			"from": [8.12851, 1.28795, 8.16781],
			"to": [8.54927, 24.55174, 8.5969],
			"rotation": {"angle": 0, "axis": "y", "origin": [9.75211, 1.41691, 11.15081]},
			"faces": {
				"north": {"uv": [0, 15, 1, 16], "texture": "#1"},
				"east": {"uv": [0, 15, 1, 16], "texture": "#1"},
				"south": {"uv": [0, 15, 1, 16], "texture": "#1"},
				"west": {"uv": [0, 15, 1, 16], "texture": "#1"},
				"up": {"uv": [0, 15, 1, 16], "texture": "#1"},
				"down": {"uv": [0, 15, 1, 16], "texture": "#1"}
			}
		},
		{
			"from": [8.12851, 1.28795, 8.16781],
			"to": [8.54927, 24.55174, 8.5969],
			"rotation": {"angle": 0, "axis": "y", "origin": [9.75211, 1.41691, 11.15081]},
			"faces": {
				"north": {"uv": [0, 15, 1, 16], "texture": "#1"},
				"east": {"uv": [0, 15, 1, 16], "texture": "#1"},
				"south": {"uv": [0, 15, 1, 16], "texture": "#1"},
				"west": {"uv": [0, 15, 1, 16], "texture": "#1"},
				"up": {"uv": [0, 15, 1, 16], "texture": "#1"},
				"down": {"uv": [0, 15, 1, 16], "texture": "#1"}
			}
		},
		{
			"from": [8.12851, 24.53795, 7.77718],
			"to": [8.54927, 27.17674, 8.20627],
			"rotation": {"angle": 0, "axis": "y", "origin": [9.75211, 8.15129, 10.76019]},
			"faces": {
				"north": {"uv": [0, 15, 1, 16], "texture": "#1"},
				"east": {"uv": [0, 15, 1, 16], "texture": "#1"},
				"south": {"uv": [0, 15, 1, 16], "texture": "#1"},
				"west": {"uv": [0, 15, 1, 16], "texture": "#1"},
				"up": {"uv": [0, 15, 1, 16], "texture": "#1"},
				"down": {"uv": [0, 15, 1, 16], "texture": "#1"}
			}
		},
		{
			"from": [8.12851, 24.53795, 7.77718],
			"to": [8.54927, 27.17674, 8.20627],
			"rotation": {"angle": 0, "axis": "y", "origin": [9.75211, 8.15129, 10.76019]},
			"faces": {
				"north": {"uv": [0, 15, 1, 16], "texture": "#1"},
				"east": {"uv": [0, 15, 1, 16], "texture": "#1"},
				"south": {"uv": [0, 15, 1, 16], "texture": "#1"},
				"west": {"uv": [0, 15, 1, 16], "texture": "#1"},
				"up": {"uv": [0, 15, 1, 16], "texture": "#1"},
				"down": {"uv": [0, 15, 1, 16], "texture": "#1"}
			}
		},
		{
			"from": [8.12851, 24.53795, 7.77718],
			"to": [8.54927, 27.17674, 8.20627],
			"rotation": {"angle": 0, "axis": "y", "origin": [9.75211, 8.15129, 10.76019]},
			"faces": {
				"north": {"uv": [0, 15, 1, 16], "texture": "#1"},
				"east": {"uv": [0, 15, 1, 16], "texture": "#1"},
				"south": {"uv": [0, 15, 1, 16], "texture": "#1"},
				"west": {"uv": [0, 15, 1, 16], "texture": "#1"},
				"up": {"uv": [0, 15, 1, 16], "texture": "#1"},
				"down": {"uv": [0, 15, 1, 16], "texture": "#1"}
			}
		},
		{
			"from": [8.12851, 27.17467, 7.34359],
			"to": [8.54927, 29.12596, 7.77268],
			"rotation": {"angle": 0, "axis": "y", "origin": [9.75211, 10.78801, 10.3266]},
			"faces": {
				"north": {"uv": [0, 15, 1, 16], "texture": "#1"},
				"east": {"uv": [0, 15, 1, 16], "texture": "#1"},
				"south": {"uv": [0, 15, 1, 16], "texture": "#1"},
				"west": {"uv": [0, 15, 1, 16], "texture": "#1"},
				"up": {"uv": [0, 15, 1, 16], "texture": "#1"},
				"down": {"uv": [0, 15, 1, 16], "texture": "#1"}
			}
		},
		{
			"from": [8.12851, 27.17467, 7.34359],
			"to": [8.54927, 29.12596, 7.77268],
			"rotation": {"angle": 0, "axis": "y", "origin": [9.75211, 10.78801, 10.3266]},
			"faces": {
				"north": {"uv": [0, 15, 1, 16], "texture": "#1"},
				"east": {"uv": [0, 15, 1, 16], "texture": "#1"},
				"south": {"uv": [0, 15, 1, 16], "texture": "#1"},
				"west": {"uv": [0, 15, 1, 16], "texture": "#1"},
				"up": {"uv": [0, 15, 1, 16], "texture": "#1"},
				"down": {"uv": [0, 15, 1, 16], "texture": "#1"}
			}
		},
		{
			"from": [8.12851, 27.17467, 7.34359],
			"to": [8.54927, 29.12596, 7.77268],
			"rotation": {"angle": 0, "axis": "y", "origin": [9.75211, 10.78801, 10.3266]},
			"faces": {
				"north": {"uv": [0, 15, 1, 16], "texture": "#1"},
				"east": {"uv": [0, 15, 1, 16], "texture": "#1"},
				"south": {"uv": [0, 15, 1, 16], "texture": "#1"},
				"west": {"uv": [0, 15, 1, 16], "texture": "#1"},
				"up": {"uv": [0, 15, 1, 16], "texture": "#1"},
				"down": {"uv": [0, 15, 1, 16], "texture": "#1"}
			}
		},
		{
			"from": [8.12851, 29.10436, 6.94515],
			"to": [8.54927, 29.83299, 7.37424],
			"rotation": {"angle": 0, "axis": "y", "origin": [9.75211, 11.49504, 9.92816]},
			"faces": {
				"north": {"uv": [0, 15, 1, 16], "texture": "#1"},
				"east": {"uv": [0, 15, 1, 16], "texture": "#1"},
				"south": {"uv": [0, 15, 1, 16], "texture": "#1"},
				"west": {"uv": [0, 15, 1, 16], "texture": "#1"},
				"up": {"uv": [0, 15, 1, 16], "texture": "#1"},
				"down": {"uv": [0, 15, 1, 16], "texture": "#1"}
			}
		},
		{
			"from": [8.12851, 29.10436, 6.94515],
			"to": [8.54927, 29.83299, 7.37424],
			"rotation": {"angle": 0, "axis": "y", "origin": [9.75211, 11.49504, 9.92816]},
			"faces": {
				"north": {"uv": [0, 15, 1, 16], "texture": "#1"},
				"east": {"uv": [0, 15, 1, 16], "texture": "#1"},
				"south": {"uv": [0, 15, 1, 16], "texture": "#1"},
				"west": {"uv": [0, 15, 1, 16], "texture": "#1"},
				"up": {"uv": [0, 15, 1, 16], "texture": "#1"},
				"down": {"uv": [0, 15, 1, 16], "texture": "#1"}
			}
		},
		{
			"from": [8.12851, 29.10436, 6.94515],
			"to": [8.54927, 29.83299, 7.37424],
			"rotation": {"angle": 0, "axis": "y", "origin": [9.75211, 11.49504, 9.92816]},
			"faces": {
				"north": {"uv": [0, 15, 1, 16], "texture": "#1"},
				"east": {"uv": [0, 15, 1, 16], "texture": "#1"},
				"south": {"uv": [0, 15, 1, 16], "texture": "#1"},
				"west": {"uv": [0, 15, 1, 16], "texture": "#1"},
				"up": {"uv": [0, 15, 1, 16], "texture": "#1"},
				"down": {"uv": [0, 15, 1, 16], "texture": "#1"}
			}
		},
		{
			"from": [7.89917, -1.15994, 6.54703],
			"to": [8.11237, -0.85974, 7.31885],
			"rotation": {"angle": 0, "axis": "y", "origin": [9.60477, 0.28621, 9.31863]},
			"faces": {
				"north": {"uv": [7, 15, 8, 16], "texture": "#0"},
				"east": {"uv": [7, 15, 8, 16], "texture": "#0"},
				"south": {"uv": [7, 15, 8, 16], "texture": "#0"},
				"west": {"uv": [7, 15, 8, 16], "texture": "#0"},
				"up": {"uv": [7, 15, 8, 16], "texture": "#0"},
				"down": {"uv": [7, 15, 8, 16], "texture": "#0"}
			}
		},
		{
			"from": [7.89917, -0.59939, 6.54703],
			"to": [8.11237, -0.29919, 7.31885],
			"rotation": {"angle": 0, "axis": "y", "origin": [9.60477, 0.84676, 9.31863]},
			"faces": {
				"north": {"uv": [7, 15, 8, 16], "texture": "#0"},
				"east": {"uv": [7, 15, 8, 16], "texture": "#0"},
				"south": {"uv": [7, 15, 8, 16], "texture": "#0"},
				"west": {"uv": [7, 15, 8, 16], "texture": "#0"},
				"up": {"uv": [7, 15, 8, 16], "texture": "#0"},
				"down": {"uv": [7, 15, 8, 16], "texture": "#0"}
			}
		},
		{
			"from": [7.89917, -0.03244, 6.54703],
			"to": [8.11237, 0.26776, 7.31885],
			"rotation": {"angle": 0, "axis": "y", "origin": [9.60477, 1.41371, 9.31863]},
			"faces": {
				"north": {"uv": [7, 15, 8, 16], "texture": "#0"},
				"east": {"uv": [7, 15, 8, 16], "texture": "#0"},
				"south": {"uv": [7, 15, 8, 16], "texture": "#0"},
				"west": {"uv": [7, 15, 8, 16], "texture": "#0"},
				"up": {"uv": [7, 15, 8, 16], "texture": "#0"},
				"down": {"uv": [7, 15, 8, 16], "texture": "#0"}
			}
		},
		{
			"from": [8.53979, -1.96392, 6.54703],
			"to": [8.75299, -1.40427, 7.31885],
			"rotation": {"angle": 0, "axis": "y", "origin": [10.24539, -0.25832, 9.31863]},
			"faces": {
				"north": {"uv": [7, 15, 8, 16], "texture": "#0"},
				"east": {"uv": [7, 15, 8, 16], "texture": "#0"},
				"south": {"uv": [7, 15, 8, 16], "texture": "#0"},
				"west": {"uv": [7, 15, 8, 16], "texture": "#0"},
				"up": {"uv": [7, 15, 8, 16], "texture": "#0"},
				"down": {"uv": [7, 15, 8, 16], "texture": "#0"}
			}
		},
		{
			"from": [8.53979, -1.15994, 6.54703],
			"to": [8.75299, -0.85974, 7.31885],
			"rotation": {"angle": 0, "axis": "y", "origin": [10.24539, 0.28621, 9.31863]},
			"faces": {
				"north": {"uv": [7, 15, 8, 16], "texture": "#0"},
				"east": {"uv": [7, 15, 8, 16], "texture": "#0"},
				"south": {"uv": [7, 15, 8, 16], "texture": "#0"},
				"west": {"uv": [7, 15, 8, 16], "texture": "#0"},
				"up": {"uv": [7, 15, 8, 16], "texture": "#0"},
				"down": {"uv": [7, 15, 8, 16], "texture": "#0"}
			}
		},
		{
			"from": [8.53979, -0.59939, 6.54703],
			"to": [8.75299, -0.29919, 7.31885],
			"rotation": {"angle": 0, "axis": "y", "origin": [10.24539, 0.84676, 9.31863]},
			"faces": {
				"north": {"uv": [7, 15, 8, 16], "texture": "#0"},
				"east": {"uv": [7, 15, 8, 16], "texture": "#0"},
				"south": {"uv": [7, 15, 8, 16], "texture": "#0"},
				"west": {"uv": [7, 15, 8, 16], "texture": "#0"},
				"up": {"uv": [7, 15, 8, 16], "texture": "#0"},
				"down": {"uv": [7, 15, 8, 16], "texture": "#0"}
			}
		},
		{
			"from": [8.53979, -0.03244, 6.54703],
			"to": [8.75299, 0.26776, 7.31885],
			"rotation": {"angle": 0, "axis": "y", "origin": [10.24539, 1.41371, 9.31863]},
			"faces": {
				"north": {"uv": [7, 15, 8, 16], "texture": "#0"},
				"east": {"uv": [7, 15, 8, 16], "texture": "#0"},
				"south": {"uv": [7, 15, 8, 16], "texture": "#0"},
				"west": {"uv": [7, 15, 8, 16], "texture": "#0"},
				"up": {"uv": [7, 15, 8, 16], "texture": "#0"},
				"down": {"uv": [7, 15, 8, 16], "texture": "#0"}
			}
		}
	],
	"display": {
		"thirdperson_righthand": {
			"rotation": [0, -180, 0],
			"translation": [0, 8, 0.25],
			"scale": [0.7, 0.7, 0.7]
		},
		"thirdperson_lefthand": {
			"rotation": [0, -180, 0],
			"translation": [0, 8, 0.25],
			"scale": [0.7, 0.7, 0.7]
		},
		"firstperson_righthand": {
			"rotation": [13, 1, 0],
			"translation": [0.75, 7, 2.75],
			"scale": [0.7, 0.7, 0.7]
		},
		"firstperson_lefthand": {
			"rotation": [13, 1, 0],
			"translation": [0.75, 7, 2.75],
			"scale": [0.7, 0.7, 0.7]
		},
		"ground": {
			"translation": [0, 11.25, 0],
			"scale": [0.6, 0.6, 0.6]
		},
		"gui": {
			"rotation": [-106, 46, 101],
			"translation": [0.25, 0.25, 0],
			"scale": [0.55, 0.55, 0.55]
		},
		"fixed": {
			"rotation": [0, 90, 0],
			"translation": [1, 2, -1]
		}
	},
	"groups": [
		{
			"name": "Shape",
			"origin": [9.62598, 8, 4.2002],
			"children": [0, 1, 2, 3, 4, 5, 6, 7, 8]
		},
		{
			"name": "group",
			"origin": [8, 8, 8],
			"children": [
				{
					"name": "Shape",
					"origin": [9.62598, 8, 4.2002],
					"children": [9, 10, 11, 12, 13, 14, 15,
						{
							"name": "group",
							"origin": [8, 8, 8],
							"children": []
						}
					]
				},
				{
					"name": "Shape",
					"origin": [9.62598, 8, 4.2002],
					"children": [16, 17, 18, 19, 20, 21, 22]
				},
				{
					"name": "Shape",
					"origin": [9.62598, 8, 4.2002],
					"children": [23, 24, 25, 26, 27, 28, 29]
				},
				{
					"name": "Shape",
					"origin": [9.62598, 8, 4.2002],
					"children": [30, 31, 32, 33, 34, 35, 36]
				},
				{
					"name": "Shape",
					"origin": [9.62598, 8, 4.2002],
					"children": [37, 38, 39, 40, 41, 42, 43]
				},
				{
					"name": "Shape",
					"origin": [9.62598, 8, 4.2002],
					"children": [44, 45, 46, 47, 48, 49, 50]
				},
				{
					"name": "Shape",
					"origin": [9.62598, 8, 4.2002],
					"children": [51, 52, 53, 54, 55, 56, 57]
				},
				{
					"name": "Shape",
					"origin": [9.62598, 8, 4.2002],
					"children": [58, 59, 60, 61, 62, 63, 64]
				},
				{
					"name": "Shape",
					"origin": [9.62598, 8, 4.2002],
					"children": [65, 66, 67, 68, 69, 70]
				},
				{
					"name": "Shape",
					"origin": [9.62598, 8, 4.2002],
					"children": [71, 72, 73, 74, 75, 76]
				}
			]
		}, 77, 78,
		{
			"name": "Shape",
			"origin": [9.62598, 8, 4.2002],
			"children": [79, 80, 81, 82, 83, 84, 85, 86, 87, 88]
		},
		{
			"name": "Shape",
			"origin": [9.62598, 8, 4.2002],
			"children": [89, 90, 91, 92, 93, 94, 95, 96, 97, 98, 99, 100, 101, 102, 103, 104, 105, 106, 107, 108, 109, 110, 111, 112, 113, 114, 115, 116]
		}
	]
}