{
  "parent": "minecraft:item/handheld",
  "textures": {
    "layer0": "./murasama"
  },
	"display": {
		"thirdperson_righthand": {
			"rotation": [0, 90, 26],
			"translation": [0, 10.75, 2.25],
			"scale": [2, 2, 0.5]
		},
		"thirdperson_lefthand": {
			"rotation": [0, -90, -26],
			"translation": [0, 10.75, 2.25],
			"scale": [2, 2, 0.5]
		},
		"firstperson_righthand": {
			"rotation": [0, 90, 8],
			"translation": [3.6, 7, -1.4],
			"scale": [1.36, 1.36, 0.34]
		},
		"firstperson_lefthand": {
			"rotation": [0, -90, -8],
			"translation": [3.6, 7, -1.4],
			"scale": [1.36, 1.36, 0.34]
		},
		"ground": {
			"translation": [0, 3.75, 0],
			"scale": [1, 1, 0.5]
		},
		"gui": {
			"rotation": [0, 0, -21],
			"translation": [0, 0.25, 0],
			"scale": [1.1, 1.1, 1]
		},
		"fixed": {
			"rotation": [0, -180, -21],
			"translation": [0, 0.25, 0],
			"scale": [1.4, 1.4, 1]
		}
	}
}