{
    "parent": "minecraft:item/handheld",
	"textures": {
		"layer0": "./dragon_scimitar"
	},
	"display": {
		"thirdperson_righthand": {
			"rotation": [0, -90, 55],
			"translation": [0, 4.25, 0.25],
			"scale": [1.7, 1.7, 0.85]
		},
		"thirdperson_lefthand": {
			"rotation": [0, 90, -55],
			"translation": [0, 4.25, 0.25],
			"scale": [1.7, 1.7, 0.85]
		},
		"firstperson_righthand": {
			"rotation": [0, -90, 25],
			"translation": [1.13, 3.2, 1.13],
			"scale": [1.36, 1.36, 0.68]
		},
		"firstperson_lefthand": {
			"rotation": [0, 90, -25],
			"translation": [1.13, 3.2, 1.13],
			"scale": [1.36, 1.36, 0.68]
		},
		"ground": {
			"scale": [1, 1, 0.5]
		},
		"gui": {
			"translation": [-2, -1.5, 0]
		},
		"fixed": {
			"rotation": [0, 0, 90],
			"translation": [2.5, -3, 0],
			"scale": [1.5, 1.5, 1]
		}
	}
}