{
	"parent": "minecraft:item/handheld",
	"textures": {
		"layer0": "./gnome_of_undying"
	},
	"display": {
		"thirdperson_righthand": {
			"translation": [0, 3, 1],
			"scale": [1.1, 1.1, 0.55]
		},
		"thirdperson_lefthand": {
			"translation": [0, 3, 1],
			"scale": [1.1, 1.1, 0.55]
		},
		"firstperson_righthand": {
			"rotation": [0, -90, 25],
			"translation": [1.13, 3.2, 1.13],
			"scale": [1.36, 1.36, 0.68]
		},
		"firstperson_lefthand": {
			"rotation": [0, -90, 25],
			"translation": [1.13, 3.2, 1.13],
			"scale": [1.36, 1.36, 0.68]
		},
		"ground": {
			"scale": [2, 2, 1]
		},
		"gui": {
			"translation": [0, -1, 0],
			"scale": [1.75, 1.75, 1]
		},
		"fixed": {
			"rotation": [0, 180, 0],
			"translation": [0, -1, 0],
			"scale": [2, 2, 2]
		}
	}
}