{
  "parent": "minecraft:item/generated",
	"textures": {
		"layer0": "./soul_scythe"
	},
  "display": {
		"thirdperson_righthand": {
			"rotation": [10, -90, 55],
			"translation": [-0.25, 4, 1.25],
			"scale": [2, 2, 1]
		},
		"thirdperson_lefthand": {
			"rotation": [10, 90, -55],
			"translation": [0.5, 4, 1.25],
			"scale": [2, 2, 1]
		},
		"firstperson_righthand": {
			"rotation": [-30, -90, 25],
			"translation": [1.13, 4, 1.13],
			"scale": [1.5, 1.5, 0.75]
		},
		"firstperson_lefthand": {
			"rotation": [-30, 90, -25],
			"translation": [1.63, 4, 1.13],
			"scale": [1.5, 1.5, 0.75]
		},
		"ground": {
			"translation": [0, 2, 0],
			"scale": [1, 1, 0.5]
		},
		"gui": {
			"translation": [-1, -1, 0]
		},
		"head": {
			"scale": [5, 5, 5]
		},
		"fixed": {
			"rotation": [0, 180, 0],
			"translation": [1.25, -1.25, -1.5],
			"scale": [1.5, 1.5, 1]
		}
	}
}