{
	"textures": {
		"0": "minecraft:entity/boat/oak"
	},
	"elements": [
		{
			"from": [2.3, 5, 0],
			"to": [4.3, 7, 18],
			"faces": {
				"north": {"uv": [10, 4.5, 10.25, 5], "texture": "#0"},
				"east": {"uv": [7.75, 4.5, 10, 5], "texture": "#0"},
				"south": {"uv": [12.5, 4.5, 12.75, 5], "texture": "#0"},
				"west": {"uv": [10.25, 4.5, 12.5, 5], "texture": "#0"},
				"up": {"uv": [10.25, 4.5, 10, 0], "texture": "#0"},
				"down": {"uv": [10.5, 0, 10.25, 4.5], "texture": "#0"}
			}
		},
		{
			"from": [3.31, 3, 13],
			"to": [4.31, 9, 20],
			"faces": {
				"north": {"uv": [8.625, 1.75, 8.75, 3.25], "texture": "#0"},
				"east": {"uv": [7.75, 1.75, 8.625, 3.25], "texture": "#0"},
				"south": {"uv": [9.625, 1.75, 9.75, 3.25], "texture": "#0"},
				"west": {"uv": [8.75, 1.75, 9.625, 3.25], "texture": "#0"},
				"up": {"uv": [8.75, 1.75, 8.625, 0], "texture": "#0"},
				"down": {"uv": [8.875, 0, 8.75, 1.75], "texture": "#0"}
			}
		}
	],
	"gui_light": "front",
	"display": {
		"thirdperson_righthand": {
			"rotation": [-90, 0, -180],
			"translation": [-6, 1.5, 3.25],
			"scale": [1.25, 1.25, 1.25]
		},
		"thirdperson_lefthand": {
			"rotation": [-90, 0, 0],
			"translation": [-6, 1.5, -1.75],
			"scale": [1.25, 1.25, 1.25]
		},
		"firstperson_righthand": {
			"rotation": [-75, 0, -180],
			"translation": [-1.25, -1.25, -0.5]
		},
		"firstperson_lefthand": {
			"rotation": [-75, 0, 0],
			"translation": [-1.5, -0.25, -4.25]
		},
		"gui": {
			"rotation": [90, 135, 90],
			"translation": [-0.5, -3.25, 0],
			"scale": [0.9, 0.9, 0.9]
		},
		"fixed": {
			"rotation": [-90, -45, -90],
			"translation": [3.25, -0.5, 3.25]
		}
	}
}