{
    "type": "nbtcrafting:smithing",
    "base": {
        "item": "minecraft:turtle_helmet"
    },
    "ingredient": {
        "item": "minecraft:netherite_ingot"
    },
    "result": {
        "item": "minecraft:turtle_helmet",
        "data": {
            "$": {
                "value": "base",
                "paths": {
                    "/display\\[\\d+\\]/": "keep",
                    "/CustomModelData\\[\\d+\\]/": "overwrite",
                    "/AttributeModifiers\\[\\d+\\]/": "append"
                }
            },
            "display": {
                "Name": "{\"text\":\"Netherite Shell\",\"italic\":\"false\"}"
            },
            "CustomModelData": 404,
            "AttributeModifiers": [
                {
                    "AttributeName": "generic.armor",
                    "Name": "generic.armor",
                    "Amount": 3,
                    "Operation": 0,
                    "UUID": [
                        -1940949092,
                        -1439808383,
                        -1757817629,
                        2003927941,
                        "nbtcrafting:array_type=i"
                        ],
                    "Slot": "head"
                },
                {
                    "AttributeName": "generic.armor_toughness",
                    "Name": "generic.armor_toughness",
                    "Amount": 3,
                    "Operation": 0,
                    "UUID": [
                        -1847853928,
                        -1376763490,
                        -1409605829,
                        -756458752,
                        "nbtcrafting:array_type=i"
                    ],
                    "Slot": "head"
                },
                {
                    "AttributeName": "generic.knockback_resistance",
                    "Name": "generic.knockback_resistance",
                    "Amount": 0.1,
                    "Operation": 0,
                    "UUID": [
                        1943726248,
                        -1792653862,
                        -1115876858,
                        207070898,
                        "nbtcrafting:array_type=i"
                        ],
                    "Slot": "head"
                }
            ]
        }
    }
}