{
	"credit": "Made by Agent_00Ming#9366 with Blockbench",
	"textures": {
		"particle": "block/brewing_stand",
		"stand": "block/brewing_stand"
	},
	"elements": [
		{
			"from": [10, 3, 7.75],
			"to": [10.5, 7, 8.25],
			"rotation": {"angle": 0, "axis": "y", "origin": [8, 0, 8]},
			"faces": {
				"north": {"uv": [5, 9, 5.5, 13], "texture": "#stand", "cullface": "north"},
				"east": {"uv": [5, 9, 5.5, 13], "texture": "#stand"},
				"south": {"uv": [5, 9, 5.5, 13], "texture": "#stand"},
				"west": {"uv": [5, 9, 5.5, 13], "texture": "#stand", "cullface": "up"},
				"up": {"uv": [5, 9, 5.5, 9.5], "texture": "#stand"},
				"down": {"uv": [5, 12, 5.5, 12.5], "texture": "#stand"}
			}
		},
		{
			"from": [10, 7, 7.75],
			"to": [11, 12, 8.25],
			"rotation": {"angle": 0, "axis": "y", "origin": [8, 0, 8]},
			"faces": {
				"north": {"uv": [5, 4, 6, 9], "texture": "#stand"},
				"east": {"uv": [5, 4, 5.5, 9], "texture": "#stand"},
				"south": {"uv": [5, 4, 6, 9], "texture": "#stand"},
				"west": {"uv": [5, 4, 5.5, 9], "texture": "#stand"},
				"up": {"uv": [5, 4, 6, 4.5], "texture": "#stand"},
				"down": {"uv": [5, 8, 6, 8.5], "texture": "#stand"}
			}
		},
		{
			"from": [13, 9, 7.5],
			"to": [14, 10, 8.5],
			"rotation": {"angle": 0, "axis": "y", "origin": [8, 0, 8]},
			"faces": {
				"north": {"uv": [2, 6, 3, 7], "texture": "#stand"},
				"east": {"uv": [2, 6, 2.5, 7], "texture": "#stand"},
				"south": {"uv": [2, 6, 3, 7], "texture": "#stand"},
				"west": {"uv": [2, 6, 2.5, 7], "texture": "#stand"},
				"up": {"uv": [2, 6, 3, 6.5], "texture": "#stand"},
				"down": {"uv": [2, 6, 3, 6.5], "texture": "#stand"}
			}
		},
		{
			"from": [11.75, 8, 7.25],
			"to": [15.25, 9, 8.75],
			"rotation": {"angle": 0, "axis": "y", "origin": [8, 0, 8]},
			"faces": {
				"north": {"uv": [1, 7, 4, 8], "texture": "#stand"},
				"east": {"uv": [1, 7, 2, 8], "texture": "#stand"},
				"south": {"uv": [1, 7, 4, 8], "texture": "#stand"},
				"west": {"uv": [3, 7, 4, 8], "texture": "#stand"},
				"up": {"uv": [1, 8, 4, 7], "texture": "#stand"},
				"down": {"uv": [1, 8, 2, 9], "texture": "#stand"}
			}
		},
		{
			"from": [12, 10, 7.75],
			"to": [13, 12, 8.25],
			"rotation": {"angle": 0, "axis": "y", "origin": [8, 0, 8]},
			"faces": {
				"north": {"uv": [3, 4, 4, 6], "texture": "#stand"},
				"east": {"uv": [3, 4, 3.5, 6], "texture": "#stand"},
				"south": {"uv": [3, 4, 4, 6], "texture": "#stand"},
				"west": {"uv": [3, 4, 3.5, 6], "texture": "#stand"},
				"up": {"uv": [3, 4, 4, 4.5], "texture": "#stand"},
				"down": {"uv": [3, 4, 4, 4.5], "texture": "#stand"}
			}
		},
		{
			"from": [11, 14, 7.75],
			"to": [12, 15, 8.25],
			"rotation": {"angle": 0, "axis": "y", "origin": [8, 0, 8]},
			"faces": {
				"north": {"uv": [4, 1, 5, 2], "texture": "#stand"},
				"east": {"uv": [4, 1, 4.5, 2], "texture": "#stand"},
				"south": {"uv": [4, 1, 5, 2], "texture": "#stand"},
				"west": {"uv": [4, 1, 4.5, 2], "texture": "#stand"},
				"up": {"uv": [4, 1, 5, 1.5], "texture": "#stand"},
				"down": {"uv": [4, 1, 5, 1.5], "texture": "#stand"}
			}
		},
		{
			"from": [10, 13, 7.75],
			"to": [12, 14, 8.25],
			"rotation": {"angle": 0, "axis": "y", "origin": [8, 0, 8]},
			"faces": {
				"north": {"uv": [4, 2, 6, 3], "texture": "#stand"},
				"east": {"uv": [4, 2, 4.5, 3], "texture": "#stand"},
				"south": {"uv": [4, 2, 6, 3], "texture": "#stand"},
				"west": {"uv": [5, 2, 5.5, 3], "texture": "#stand"},
				"up": {"uv": [4, 2, 6, 2.5], "texture": "#stand"},
				"down": {"uv": [4, 2, 6, 2.5], "texture": "#stand"}
			}
		},
		{
			"from": [13, 11, 7.5],
			"to": [14, 13, 8.5],
			"rotation": {"angle": 0, "axis": "y", "origin": [8, 0, 8]},
			"faces": {
				"north": {"uv": [2, 3, 3, 5], "texture": "#stand"},
				"east": {"uv": [2, 3, 3, 5], "texture": "#stand"},
				"south": {"uv": [2, 3, 3, 5], "texture": "#stand"},
				"west": {"uv": [2, 3, 3, 5], "texture": "#stand"},
				"up": {"uv": [2, 3, 3, 4], "texture": "#stand"},
				"down": {"uv": [2, 4, 3, 5], "texture": "#stand"}
			}
		},
		{
			"from": [12, 12, 7.5],
			"to": [13, 16, 8.5],
			"rotation": {"angle": 0, "axis": "y", "origin": [8, 0, 8]},
			"faces": {
				"north": {"uv": [4, 0, 3, 4], "texture": "#stand"},
				"east": {"uv": [3, 0, 4, 4], "texture": "#stand"},
				"south": {"uv": [3, 0, 4, 4], "texture": "#stand"},
				"west": {"uv": [3, 0, 4, 4], "texture": "#stand"},
				"up": {"uv": [3, 0, 4, 1], "texture": "#stand"},
				"down": {"uv": [3, 3, 4, 4], "texture": "#stand"}
			}
		},
		{
			"from": [10, 12, 7.5],
			"to": [12, 13, 8.5],
			"rotation": {"angle": 0, "axis": "y", "origin": [8, 0, 8]},
			"faces": {
				"north": {"uv": [4, 3, 6, 4], "texture": "#stand"},
				"east": {"uv": [4, 3, 5, 4], "texture": "#stand"},
				"south": {"uv": [4, 3, 6, 4], "texture": "#stand"},
				"west": {"uv": [5, 3, 6, 4], "texture": "#stand"},
				"up": {"uv": [4, 3, 6, 4], "texture": "#stand"},
				"down": {"uv": [4, 3, 6, 4], "texture": "#stand"}
			}
		},
		{
			"from": [12, 2, 7.5],
			"to": [15, 8, 8.5],
			"rotation": {"angle": 0, "axis": "y", "origin": [8, 0, 8]},
			"faces": {
				"north": {"uv": [1, 8, 4, 14], "texture": "#stand"},
				"east": {"uv": [1, 8, 2, 14], "texture": "#stand"},
				"south": {"uv": [1, 8, 4, 14], "texture": "#stand"},
				"west": {"uv": [4, 8, 3, 14], "texture": "#stand"},
				"up": {"uv": [1, 8, 4, 9], "texture": "#stand"},
				"down": {"uv": [1, 13, 4, 14], "texture": "#stand"}
			}
		},
		{
			"from": [12, 3, 7.25],
			"to": [15, 6, 8.75],
			"rotation": {"angle": 0, "axis": "y", "origin": [8, 0, 8]},
			"faces": {
				"north": {"uv": [1, 10, 4, 13], "texture": "#stand"},
				"east": {"uv": [3, 10, 4, 13], "texture": "#stand"},
				"south": {"uv": [1, 10, 4, 13], "texture": "#stand"},
				"west": {"uv": [3, 10, 4, 13], "texture": "#stand"},
				"up": {"uv": [1, 10, 4, 11], "texture": "#stand"},
				"down": {"uv": [1, 12, 4, 13], "texture": "#stand"}
			}
		},
		{
			"from": [11, 3, 7.5],
			"to": [16, 6, 8.5],
			"rotation": {"angle": 0, "axis": "y", "origin": [8, 0, 8]},
			"faces": {
				"north": {"uv": [0, 10, 5, 13], "texture": "#stand"},
				"east": {"uv": [0, 10, 1, 13], "texture": "#stand"},
				"south": {"uv": [0, 10, 5, 13], "texture": "#stand"},
				"west": {"uv": [4, 10, 5, 13], "texture": "#stand"},
				"up": {"uv": [0, 10, 5, 11], "texture": "#stand"},
				"down": {"uv": [0, 12, 5, 13], "texture": "#stand"}
			}
		},
		{
			"from": [9, 0, 7.5],
			"to": [10, 3, 8.5],
			"rotation": {"angle": 0, "axis": "y", "origin": [8, 0, 8]},
			"faces": {
				"north": {"uv": [6, 10, 7, 13], "texture": "#stand", "cullface": "up"},
				"east": {"uv": [6, 10, 7, 13], "texture": "#stand"},
				"south": {"uv": [6, 10, 7, 13], "texture": "#stand"},
				"west": {"uv": [6, 10, 7, 13], "texture": "#stand", "cullface": "west"},
				"up": {"uv": [6, 12, 7, 13], "texture": "#stand"},
				"down": {"uv": [6, 12, 7, 13], "texture": "#stand"}
			}
		},
		{
			"from": [9, 3, 7.5],
			"to": [10, 14, 8.5],
			"rotation": {"angle": 0, "axis": "y", "origin": [8, 0, 8]},
			"faces": {
				"north": {"uv": [6, 2, 7, 13], "texture": "#stand", "cullface": "north"},
				"east": {"uv": [6, 2, 7, 13], "texture": "#stand"},
				"south": {"uv": [6, 2, 7, 13], "texture": "#stand"},
				"west": {"uv": [6, 2, 7, 13], "texture": "#stand"},
				"up": {"uv": [6, 2, 7, 3], "texture": "#stand"},
				"down": {"uv": [6, 12, 7, 13], "texture": "#stand"}
			}
		}
	]
}