{
    "ambientocclusion": false,
    "textures": {
        "particle": "#torch"
    },
    "elements": [
        {   "from": [ 7, 0, 7 ],
            "to": [ 9, 10, 9 ],
            "shade": false,
            "faces": {
                "down": { "uv": [ 7, 13, 9, 15 ], "texture": "#torch" },
                "up":   { "uv": [ 7,  6, 9,  8 ], "texture": "#torch" }
            }
        },
        {   "from": [ 7, 0, 0 ],
            "to": [ 9, 16, 16 ],
            "shade": false,
            "faces": {
                "west": { "uv": [ 0, 0, 16, 16 ], "texture": "#torch" },
                "east": { "uv": [ 0, 0, 16, 16 ], "texture": "#torch" }
            }
        },
        {   "from": [ 0, 0, 7 ],
            "to": [ 16, 16, 9 ],
            "shade": false,
            "faces": {
                "north": { "uv": [ 0, 0, 16, 16 ], "texture": "#torch" },
                "south": { "uv": [ 0, 0, 16, 16 ], "texture": "#torch" }
            }
        }
    ],
	"gui_light": "front",
	"display": {
		"thirdperson_righthand": {
			"translation": [0, 1.5, 1.75],
			"scale": [0.75, 0.75, 0.75]
		},
		"thirdperson_lefthand": {
			"translation": [0, 1.5, 1.75],
			"scale": [0.75, 0.75, 0.75]
		},
		"firstperson_righthand": {
			"rotation": [-20, 0, 0],
			"translation": [1.5, 3.5, 0],
			"scale": [0.75, 0.75, 0.75]
		},
		"firstperson_lefthand": {
			"rotation": [-20, 0, 0],
			"translation": [1.5, 3.5, 0],
			"scale": [0.75, 0.75, 0.75]
		},
		"ground": {
			"scale": [0.5, 0.5, 0.5]
		}
	}
}