{
  "parent": "minecraft:item/handheld",
  "textures": {
    "layer0": "./inferna_cutter"
  },
  "display": {
	"thirdperson_righthand": {
		"rotation": [0, 90, 55],
		"translation": [0, 5.75, 0.5],
		"scale": [2.5, 2.5, 0.75]
	},
	"thirdperson_lefthand": {
		"rotation": [0, -90, -55],
		"translation": [0, 5.75, 0.5],
		"scale": [2.5, 2.5, 0.75]
	},
	  "firstperson_righthand": {
		  "rotation": [0, 90, 25],
		  "translation": [1.13, 4.45, 1.13],
		  "scale": [1.36, 1.36, 0.34]
	  },
	  "firstperson_lefthand": {
		  "rotation": [0, -90, -25],
		  "translation": [1.13, 4.45, 1.13],
		  "scale": [1.36, 1.36, 0.34]
	  },
	  "ground": {
		  "scale": [1, 1, 0.5]
	  },
	  "gui": {
		  "scale": [1.5, 1.5, 1]
	  },
	  "fixed": {
		  "rotation": [0, -180, 0],
		  "scale": [2, 2, 1]
	  }
  }
}