{
	"textures": {
		"3": "./crucible"
	},
	"elements": [
		{
			"from": [7.55, 1.2, 7.55],
			"to": [8.45, 1.95, 8.45],
			"rotation": {"angle": 0, "axis": "y", "origin": [8, 1.65, 8]},
			"faces": {
				"north": {"uv": [0, 13.5, 1.5, 14.75], "texture": "#3"},
				"east": {"uv": [0, 13.5, 1.5, 14.75], "texture": "#3"},
				"south": {"uv": [0, 13.5, 1.5, 14.75], "texture": "#3"},
				"west": {"uv": [0, 13.5, 1.5, 14.75], "texture": "#3"},
				"up": {"uv": [0, 13.5, 1.5, 14.75], "texture": "#3"},
				"down": {"uv": [0, 13.5, 1.5, 14.75], "texture": "#3"}
			}
		},
		{
			"from": [7.7, 1.05, 7.7],
			"to": [8.3, 1.2, 8.3],
			"rotation": {"angle": 0, "axis": "y", "origin": [8, 0.9, 8]},
			"faces": {
				"north": {"uv": [0, 12.5, 1, 12.75], "texture": "#3"},
				"east": {"uv": [0, 13.25, 1, 13.5], "texture": "#3"},
				"south": {"uv": [0, 12.5, 1, 12.75], "texture": "#3"},
				"west": {"uv": [0, 12.75, 1, 13], "texture": "#3"},
				"down": {"uv": [0, 12.5, 1, 13.25], "texture": "#3"}
			}
		},
		{
			"from": [7.475, 4.5, 7.55],
			"to": [8.525, 5.55, 8.45],
			"rotation": {"angle": 0, "axis": "y", "origin": [7.925, 5.025, 8]},
			"faces": {
				"north": {"uv": [0, 8, 1.75, 9.75], "texture": "#3"},
				"east": {"uv": [1.75, 8, 3.5, 9.75], "texture": "#3"},
				"south": {"uv": [1.75, 8, 0, 9.75], "texture": "#3"},
				"west": {"uv": [1.75, 9.75, 3.5, 8], "texture": "#3"},
				"up": {"uv": [1.75, 8, 3.5, 9.75], "texture": "#3"},
				"down": {"uv": [3.5, 8, 1.75, 9.75], "texture": "#3"}
			}
		},
		{
			"from": [7.625, 1.95, 7.625],
			"to": [8.375, 4.5, 8.375],
			"rotation": {"angle": 0, "axis": "y", "origin": [8, 2.7, 8]},
			"faces": {
				"north": {"uv": [3.5, 8, 4, 9.75], "texture": "#3"},
				"east": {"uv": [3.5, 8, 4, 9.75], "texture": "#3"},
				"south": {"uv": [3.5, 8, 4, 9.75], "texture": "#3"},
				"west": {"uv": [3.5, 8, 4, 9.75], "texture": "#3"},
				"up": {"uv": [0, 0, 0, 0], "texture": "#3"}
			}
		},
		{
			"from": [7.55, 5.55, 7.775],
			"to": [8.45, 6, 8.225],
			"rotation": {"angle": 0, "axis": "y", "origin": [8, 6.3, 8]},
			"faces": {
				"north": {"uv": [1.25, 9.75, 2.75, 10.5], "texture": "#3"},
				"east": {"uv": [2.75, 9.75, 3.5, 10.5], "texture": "#3"},
				"south": {"uv": [1.25, 9.75, 2.75, 10.5], "texture": "#3"},
				"west": {"uv": [2.75, 9.75, 3.5, 10.5], "texture": "#3"},
				"up": {"uv": [1.25, 9.75, 2.75, 10.5], "texture": "#3"}
			}
		},
		{
			"from": [7.325, 4.8, 7.925],
			"to": [7.475, 5.25, 8.075],
			"rotation": {"angle": 0, "axis": "y", "origin": [6.95, 5.55, 8]},
			"faces": {
				"north": {"uv": [0.75, 10, 1, 10.25], "texture": "#3"},
				"east": {"uv": [1.5, 10, 1.75, 10.25], "texture": "#3"},
				"south": {"uv": [0.25, 10, 0.5, 10.25], "texture": "#3"},
				"west": {"uv": [0.5, 10, 0.75, 10.25], "texture": "#3"},
				"up": {"uv": [0.25, 10.5, 0.5, 10.75], "texture": "#3"},
				"down": {"uv": [0.5, 10, 0.75, 10.25], "texture": "#3"}
			}
		},
		{
			"from": [8.525, 4.8, 7.925],
			"to": [8.675, 5.25, 8.075],
			"rotation": {"angle": 0, "axis": "y", "origin": [9.05, 5.55, 8]},
			"faces": {
				"north": {"uv": [0.75, 10, 1, 10.25], "texture": "#3"},
				"east": {"uv": [1.25, 10, 1.5, 10.25], "texture": "#3"},
				"south": {"uv": [0.75, 10.5, 1, 10.75], "texture": "#3"},
				"up": {"uv": [0.25, 10.5, 0.5, 10.75], "texture": "#3"},
				"down": {"uv": [0.5, 10, 0.75, 10.25], "texture": "#3"}
			}
		},
		{
			"from": [7.175, 4.875, 7.925],
			"to": [7.325, 5.175, 8.075],
			"rotation": {"angle": 0, "axis": "y", "origin": [6.8, 5.55, 8]},
			"faces": {
				"north": {"uv": [1.25, 10, 1.5, 10.25], "texture": "#3"},
				"east": {"uv": [1.25, 10, 1.5, 10.25], "texture": "#3"},
				"south": {"uv": [0.75, 10.5, 1, 10.75], "texture": "#3"},
				"west": {"uv": [0.75, 10, 1, 10.25], "texture": "#3"},
				"up": {"uv": [0.25, 10.5, 0.5, 10.75], "texture": "#3"},
				"down": {"uv": [0.5, 10, 0.75, 10.25], "texture": "#3"}
			}
		},
		{
			"from": [8.675, 4.875, 7.925],
			"to": [8.825, 5.175, 8.075],
			"rotation": {"angle": 0, "axis": "y", "origin": [9.2, 5.55, 8]},
			"faces": {
				"north": {"uv": [1.25, 10, 1.5, 10.25], "texture": "#3"},
				"east": {"uv": [2.75, 10, 3, 10.25], "texture": "#3"},
				"south": {"uv": [0.75, 10.5, 1, 10.75], "texture": "#3"},
				"up": {"uv": [0.25, 10.5, 0.5, 10.75], "texture": "#3"},
				"down": {"uv": [0.5, 10, 0.75, 10.25], "texture": "#3"}
			}
		},
		{
			"from": [7.625, 6, 7.775],
			"to": [8.375, 6.75, 8.225],
			"rotation": {"angle": 0, "axis": "y", "origin": [8, 6.75, 8]},
			"faces": {
				"north": {"uv": [0, 9.75, 1.25, 11], "texture": "#3"},
				"east": {"uv": [1, 9.75, 0.25, 11], "texture": "#3"},
				"south": {"uv": [0, 9.75, 1.25, 11], "texture": "#3"},
				"west": {"uv": [0.5, 9.75, 1.25, 11], "texture": "#3"},
				"up": {"uv": [0, 9.75, 1.25, 10.5], "texture": "#3"}
			}
		},
		{
			"from": [7.4, 5.475, 7.85],
			"to": [8.15, 6.225, 8.15],
			"rotation": {"angle": 22.5, "axis": "z", "origin": [7.25, 5.85, 8]},
			"faces": {
				"north": {"uv": [0, 11, 1.25, 9.75], "rotation": 270, "texture": "#3"},
				"south": {"uv": [0, 9.75, 1.25, 11], "rotation": 270, "texture": "#3"},
				"west": {"uv": [1.25, 11, 0, 10.5], "rotation": 270, "texture": "#3"},
				"up": {"uv": [0.5, 11, 1, 9.75], "rotation": 270, "texture": "#3"}
			}
		},
		{
			"from": [7.85, 5.475, 7.85],
			"to": [8.6, 6.225, 8.15],
			"rotation": {"angle": -22.5, "axis": "z", "origin": [8.75, 5.85, 8]},
			"faces": {
				"north": {"uv": [0, 9.75, 1.25, 11], "rotation": 270, "texture": "#3"},
				"east": {"uv": [1.25, 11, 0, 10.5], "rotation": 270, "texture": "#3"},
				"south": {"uv": [0, 9.75, 1.25, 11], "rotation": 270, "texture": "#3"},
				"up": {"uv": [0, 11, 0.5, 9.75], "rotation": 270, "texture": "#3"}
			}
		},
		{
			"from": [6.5, 5.175, 7.775],
			"to": [7.55, 5.775, 8.225],
			"rotation": {"angle": 22.5, "axis": "z", "origin": [6.65, 5.4, 8]},
			"faces": {
				"north": {"uv": [0, 12.75, 1, 11], "rotation": 270, "texture": "#3"},
				"east": {"uv": [0, 12.5, 1, 13.25], "rotation": 270, "texture": "#3"},
				"south": {"uv": [0, 11, 1, 12.75], "rotation": 270, "texture": "#3"},
				"west": {"uv": [0, 12.5, 1, 13.25], "rotation": 270, "texture": "#3"},
				"up": {"uv": [1, 11, 1.75, 12.75], "rotation": 270, "texture": "#3"},
				"down": {"uv": [1, 11, 1.75, 12.75], "rotation": 270, "texture": "#3"}
			}
		},
		{
			"from": [9.425, 5.7, 7.925],
			"to": [9.725, 6.075, 8.075],
			"rotation": {"angle": -22.5, "axis": "z", "origin": [9.575, 5.925, 8]},
			"faces": {
				"north": {"uv": [0, 13.25, 0.75, 12.75], "rotation": 90, "texture": "#3"},
				"east": {"uv": [0.75, 12.75, 0, 13], "rotation": 90, "texture": "#3"},
				"south": {"uv": [0, 12.75, 0.75, 13.25], "rotation": 90, "texture": "#3"},
				"west": {"uv": [0, 12.75, 0.75, 13], "rotation": 90, "texture": "#3"},
				"up": {"uv": [0.75, 12.75, 1, 13.25], "rotation": 90, "texture": "#3"}
			}
		},
		{
			"from": [6.275, 5.7, 7.925],
			"to": [6.575, 6.075, 8.075],
			"rotation": {"angle": 22.5, "axis": "z", "origin": [6.425, 5.925, 8]},
			"faces": {
				"north": {"uv": [0, 12.75, 0.75, 13.25], "rotation": 90, "texture": "#3"},
				"east": {"uv": [0, 12.75, 0.75, 13], "rotation": 90, "texture": "#3"},
				"south": {"uv": [0, 12.75, 0.75, 13.25], "rotation": 90, "texture": "#3"},
				"west": {"uv": [0.75, 12.75, 0, 13], "rotation": 90, "texture": "#3"},
				"up": {"uv": [0.5, 13, 0.75, 13.5], "rotation": 90, "texture": "#3"}
			}
		},
		{
			"from": [8.45, 5.175, 7.775],
			"to": [9.5, 5.775, 8.225],
			"rotation": {"angle": -22.5, "axis": "z", "origin": [9.35, 5.4, 8]},
			"faces": {
				"north": {"uv": [0, 11, 1, 12.75], "rotation": 270, "texture": "#3"},
				"east": {"uv": [1, 12.5, 0, 13.25], "rotation": 270, "texture": "#3"},
				"south": {"uv": [0, 12.75, 1, 11], "rotation": 270, "texture": "#3"},
				"west": {"uv": [0, 12.5, 1, 13.25], "rotation": 270, "texture": "#3"},
				"up": {"uv": [1, 11, 1.75, 12.75], "rotation": 270, "texture": "#3"},
				"down": {"uv": [1.75, 11, 1, 12.75], "rotation": 270, "texture": "#3"}
			}
		},
		{
			"from": [7.25, 6.42, 7.925],
			"to": [8.75, 7.17, 8.075],
			"rotation": {"angle": 0, "axis": "y", "origin": [8, 7.275, 8]},
			"faces": {
				"north": {"uv": [4.5, 6.5, 7, 7.75], "texture": "#3"},
				"east": {"uv": [8.75, 2.5, 9, 3.75], "texture": "#3"},
				"south": {"uv": [7, 6.5, 4.5, 7.75], "texture": "#3"},
				"west": {"uv": [8.25, 2.5, 8.5, 3.75], "texture": "#3"},
				"down": {"uv": [0, 7.75, 2.5, 8], "texture": "#3"}
			}
		},
		{
			"from": [7.325, 7.62, 7.925],
			"to": [8.675, 7.92, 8.075],
			"rotation": {"angle": 0, "axis": "y", "origin": [8, 8.325, 8]},
			"faces": {
				"north": {"uv": [2.25, 6.5, 4.5, 7], "texture": "#3"},
				"east": {"uv": [8.75, 1.75, 9, 2.25], "texture": "#3"},
				"south": {"uv": [2.25, 6.5, 4.5, 7], "texture": "#3"},
				"west": {"uv": [8, 1.75, 8.25, 2.25], "texture": "#3"}
			}
		},
		{
			"from": [7.325, 8.37, 7.925],
			"to": [8.675, 8.82, 8.075],
			"rotation": {"angle": 0, "axis": "y", "origin": [8, 9.075, 8]},
			"faces": {
				"north": {"uv": [0, 6.5, 2.25, 7.25], "texture": "#3"},
				"east": {"uv": [8.5, 2.5, 8.75, 3], "texture": "#3"},
				"south": {"uv": [2.25, 6.5, 0, 7.25], "texture": "#3"},
				"west": {"uv": [9, 2.5, 9.25, 3.25], "texture": "#3"}
			}
		},
		{
			"from": [7.325, 9.12, 7.925],
			"to": [8.675, 10.77, 8.075],
			"rotation": {"angle": 0, "axis": "y", "origin": [8, 9.825, 8]},
			"faces": {
				"north": {"uv": [1.75, 3.25, 4, 6], "texture": "#3"},
				"east": {"uv": [8.75, 1.25, 9, 4], "texture": "#3"},
				"south": {"uv": [1.75, 6, 4, 3.25], "texture": "#3"},
				"west": {"uv": [9, 1.25, 9.25, 4], "texture": "#3"},
				"up": {"uv": [13.25, 0.5, 15.5, 0.75], "texture": "#3"}
			}
		},
		{
			"from": [7.4, 10.77, 7.925],
			"to": [8.6, 12.42, 8.075],
			"rotation": {"angle": 0, "axis": "y", "origin": [8, 11.475, 8]},
			"faces": {
				"north": {"uv": [0, 3.25, 1.75, 6], "texture": "#3"},
				"east": {"uv": [8.25, 1.25, 8.5, 4], "texture": "#3"},
				"south": {"uv": [0, 3.25, 1.75, 6], "texture": "#3"},
				"west": {"uv": [8.5, 1.25, 8.75, 4], "texture": "#3"},
				"up": {"uv": [13.25, 0.25, 15, 0.5], "texture": "#3"}
			}
		},
		{
			"from": [7.475, 12.42, 7.925],
			"to": [8.525, 13.62, 8.075],
			"rotation": {"angle": 0, "axis": "y", "origin": [8, 13.125, 8]},
			"faces": {
				"north": {"uv": [0, 1.25, 1.5, 3.25], "texture": "#3"},
				"east": {"uv": [8, 1.25, 8.25, 3.25], "texture": "#3"},
				"south": {"uv": [1.5, 1.25, 0, 3.25], "texture": "#3"},
				"west": {"uv": [8.25, 1.25, 8, 3.25], "texture": "#3"}
			}
		},
		{
			"from": [7.4, 13.62, 7.925],
			"to": [8.6, 13.77, 8.075],
			"rotation": {"angle": 0, "axis": "y", "origin": [8, 14.325, 8]},
			"faces": {
				"north": {"uv": [0, 1, 1.75, 1.25], "texture": "#3"},
				"east": {"uv": [11.5, 1.25, 11.75, 1.5], "texture": "#3"},
				"south": {"uv": [0, 1, 1.75, 1.25], "texture": "#3"},
				"west": {"uv": [8.5, 1.25, 8.75, 1.5], "texture": "#3"},
				"down": {"uv": [13.25, 0.25, 15, 0.5], "texture": "#3"}
			}
		},
		{
			"from": [7.7, 14.37, 7.925],
			"to": [8.3, 14.52, 8.075],
			"rotation": {"angle": 0, "axis": "y", "origin": [8, 15.075, 8]},
			"faces": {
				"north": {"uv": [0, 0, 0.75, 0.25], "texture": "#3"},
				"east": {"uv": [0.75, 0, 1, 0.25], "texture": "#3"},
				"south": {"uv": [0.5, 0, 1.25, 0.25], "texture": "#3"},
				"west": {"uv": [0, 0, 0.25, 0.25], "texture": "#3"},
				"up": {"uv": [0.75, 0, 1, 0.25], "texture": "#3"}
			}
		},
		{
			"from": [6.95, 13.77, 7.925],
			"to": [9.05, 13.92, 8.075],
			"rotation": {"angle": 0, "axis": "y", "origin": [8, 14.475, 8]},
			"faces": {
				"north": {"uv": [0, 0.75, 3.25, 1], "texture": "#3"},
				"east": {"uv": [8.25, 1.25, 8.5, 1.5], "texture": "#3"},
				"south": {"uv": [0, 1, 3.25, 0.75], "texture": "#3"},
				"west": {"uv": [8.5, 1.25, 8.75, 1.5], "texture": "#3"},
				"down": {"uv": [12.75, 0, 16, 0.25], "texture": "#3"}
			}
		},
		{
			"from": [6.8, 14.22, 7.925],
			"to": [9.2, 14.37, 8.075],
			"rotation": {"angle": 0, "axis": "y", "origin": [8, 14.925, 8]},
			"faces": {
				"north": {"uv": [0, 0, 3.75, 0.25], "texture": "#3"},
				"east": {"uv": [8, 1.25, 8.25, 1.5], "texture": "#3"},
				"south": {"uv": [3.75, 0, 0, 0.25], "texture": "#3"},
				"west": {"uv": [8.25, 1.25, 8.5, 1.5], "texture": "#3"},
				"up": {"uv": [8, 0, 11.75, 0.25], "texture": "#3"}
			}
		},
		{
			"from": [6.35, 13.92, 7.925],
			"to": [9.65, 14.07, 8.075],
			"rotation": {"angle": 0, "axis": "y", "origin": [8, 14.625, 8]},
			"faces": {
				"north": {"uv": [0, 0.5, 5.25, 0.75], "texture": "#3"},
				"east": {"uv": [8, 1.25, 8.25, 1.5], "texture": "#3"},
				"south": {"uv": [0, 0.5, 5.25, 0.75], "texture": "#3"},
				"west": {"uv": [12.25, 1.25, 12.5, 1.5], "texture": "#3"},
				"up": {"uv": [8, 0.5, 13.25, 0.75], "texture": "#3"},
				"down": {"uv": [8, 0.75, 13.25, 1], "texture": "#3"}
			}
		},
		{
			"from": [6.65, 14.07, 7.925],
			"to": [9.5, 14.22, 8.075],
			"rotation": {"angle": 0, "axis": "y", "origin": [8, 14.775, 8]},
			"faces": {
				"north": {"uv": [0, 0.25, 4.5, 0.5], "texture": "#3"},
				"east": {"uv": [8.5, 1.25, 8.75, 1.5], "texture": "#3"},
				"south": {"uv": [0, 0.25, 4.5, 0.5], "texture": "#3"},
				"west": {"uv": [9.75, 1.25, 10, 1.5], "texture": "#3"},
				"up": {"uv": [8, 0.25, 12.5, 0.5], "texture": "#3"}
			}
		},
		{
			"from": [7.1, 7.32, 7.925],
			"to": [8.9, 7.47, 8.075],
			"rotation": {"angle": 0, "axis": "y", "origin": [8, 8.175, 8]},
			"faces": {
				"north": {"uv": [0, 7.5, 2.75, 7.75], "texture": "#3"},
				"east": {"uv": [8, 1.25, 8.25, 1.5], "texture": "#3"},
				"south": {"uv": [2.75, 7.5, 0, 7.75], "texture": "#3"},
				"west": {"uv": [8, 1.25, 8.25, 1.5], "texture": "#3"},
				"up": {"uv": [9.5, 1.75, 12.25, 1.5], "texture": "#3"},
				"down": {"uv": [9.5, 1.5, 12.25, 1.75], "texture": "#3"}
			}
		},
		{
			"from": [7.175, 7.47, 7.925],
			"to": [8.825, 7.62, 8.075],
			"rotation": {"angle": 0, "axis": "y", "origin": [8, 8.325, 8]},
			"faces": {
				"north": {"uv": [0, 7.25, 2.5, 7.5], "texture": "#3"},
				"east": {"uv": [8.5, 1.25, 8.75, 1.5], "texture": "#3"},
				"south": {"uv": [0, 7.5, 2.5, 7.25], "texture": "#3"},
				"west": {"uv": [10.5, 1.25, 10.75, 1.5], "texture": "#3"},
				"up": {"uv": [8, 1, 10, 1.25], "texture": "#3"}
			}
		},
		{
			"from": [7.25, 7.92, 7.925],
			"to": [8.75, 8.07, 8.075],
			"rotation": {"angle": 0, "axis": "y", "origin": [8, 8.775, 8]},
			"faces": {
				"north": {"uv": [0, 7.25, 2.5, 7.5], "texture": "#3"},
				"east": {"uv": [9.25, 1.25, 9.5, 1.5], "texture": "#3"},
				"south": {"uv": [0, 7.5, 2.5, 7.25], "texture": "#3"},
				"west": {"uv": [10.25, 1.25, 10.5, 1.5], "texture": "#3"},
				"down": {"uv": [8, 1, 10, 1.25], "texture": "#3"}
			}
		},
		{
			"from": [7.25, 8.22, 7.925],
			"to": [8.75, 8.37, 8.075],
			"rotation": {"angle": 0, "axis": "y", "origin": [8, 9.075, 8]},
			"faces": {
				"north": {"uv": [0, 7.25, 2.5, 7.5], "texture": "#3"},
				"east": {"uv": [11.75, 1.25, 12, 1.5], "texture": "#3"},
				"south": {"uv": [0, 7.25, 2.5, 7.5], "texture": "#3"},
				"west": {"uv": [13.75, 1.25, 14, 1.5], "texture": "#3"},
				"up": {"uv": [10, 1, 8, 1.25], "texture": "#3"}
			}
		},
		{
			"from": [7.25, 8.82, 7.925],
			"to": [8.75, 9.12, 8.075],
			"rotation": {"angle": 0, "axis": "y", "origin": [8, 9.675, 8]},
			"faces": {
				"north": {"uv": [0, 6, 2.5, 6.5], "texture": "#3"},
				"east": {"uv": [8.5, 2.5, 8.75, 3], "texture": "#3"},
				"south": {"uv": [0, 6, 2.5, 6.5], "texture": "#3"},
				"west": {"uv": [8.75, 2.5, 9, 3], "texture": "#3"},
				"up": {"uv": [8, 1, 10, 1.25], "texture": "#3"},
				"down": {"uv": [8, 1.25, 10, 1], "texture": "#3"}
			}
		},
		{
			"from": [7.175, 7.17, 7.925],
			"to": [8.825, 7.32, 8.075],
			"rotation": {"angle": 0, "axis": "y", "origin": [8, 8.025, 8]},
			"faces": {
				"north": {"uv": [0, 7.25, 2.5, 7.5], "texture": "#3"},
				"east": {"uv": [10, 1.25, 10.25, 1.5], "texture": "#3"},
				"south": {"uv": [0, 7.5, 2.5, 7.25], "texture": "#3"},
				"west": {"uv": [8, 1.25, 8.25, 1.5], "texture": "#3"},
				"down": {"uv": [10, 1, 8, 1.25], "texture": "#3"}
			}
		},
		{
			"from": [7.175, 8.07, 7.925],
			"to": [8.825, 8.22, 8.075],
			"rotation": {"angle": 0, "axis": "y", "origin": [8, 8.925, 8]},
			"faces": {
				"north": {"uv": [0, 7.5, 2.75, 7.75], "texture": "#3"},
				"east": {"uv": [8.25, 1.25, 8.5, 1.5], "texture": "#3"},
				"south": {"uv": [0, 7.5, 2.75, 7.75], "texture": "#3"},
				"west": {"uv": [9.75, 1.25, 10, 1.5], "texture": "#3"},
				"up": {"uv": [9.5, 1.5, 12.25, 1.75], "texture": "#3"},
				"down": {"uv": [12.25, 1.5, 9.5, 1.75], "texture": "#3"}
			}
		}
	],
	"display": {
		"thirdperson_righthand": {
			"rotation": [0, -90, 0],
			"translation": [0, 10.25, 1.5],
			"scale": [2.75, 2.75, 2.75]
		},
		"thirdperson_lefthand": {
			"rotation": [0, -90, 0],
			"translation": [0, 10.25, 1.5],
			"scale": [2.75, 2.75, 2.75]
		},
		"firstperson_righthand": {
			"rotation": [-80.5, -81.5, -86.25],
			"translation": [4.5, 9.25, 0],
			"scale": [3, 3, 3]
		},
		"firstperson_lefthand": {
			"rotation": [-80.5, -81.5, -86.25],
			"translation": [4.5, 9.25, 0],
			"scale": [3, 3, 3]
		},
		"ground": {
			"translation": [0, 14.5, 0],
			"scale": [2.5, 2.5, 2.5]
		},
		"gui": {
			"rotation": [0, 0, -45],
			"translation": [0, 0, -1.5],
			"scale": [1.56, 1.56, 1.56]
		},
		"head": {
			"scale": [0, 0, 0]
		},
		"fixed": {
			"rotation": [0, 0, 45],
			"translation": [0, 0, -1.5],
			"scale": [2.3, 2.3, 2.3]
		}
	},
	"groups": [
		{
			"name": "handle",
			"origin": [8, 8, 8],
			"children": [0, 1, 2, 3, 4, 5, 6, 7, 8, 9, 10, 11, 12, 13, 14, 15]
		},
		{
			"name": "blade",
			"origin": [8, 8, 8],
			"children": [16, 17, 18, 19, 20, 21, 22, 23, 24, 25, 26, 27, 28, 29, 30, 31, 32, 33, 34]
		}
	]
}